asin,sku,listing_link,our_price,our_shipping,handling_time,merchant_shipping,supplier_link,supplier_price,supplier_shipping,supplier_qty,supplier_days,supplier_name,variation,part_number,item_weight,product_dimensions,color,unit_count,material_type,power_source,voltage,wattage,included_components,speed,number_of_boxes,title,description
B00V5HXBFS,cartie6714,https://www.amazon.com/dp/B00V5HXBFS,30.43623529411765,,4,3-5,https://www.ebay.com/itm/284146787301?epid=18012890223&hash=item422877e3e5:g:rbYAAOSwIlhf~xYx&amdata=enc%3AAQAIAAAAwJSMK%2By63QsEtUr7veVE%2Bo2pcRm%2FOXvcoZth3WB1gfgpnpSaX0ptaalHKrQleE0633B%2B6jLVxwNLsd7v0C4ZhmJ2jdJajVr%2FCUR08kGAeyetitEC319AC5DFSbzfi8uEaNMcfQB9VuNVdSIRfRFEDQ5X%2B3tNbHUpBKxgxTw%2BGsb2H19okCZBzLBPHCqPJAxkr38eZF3obj5oLLkGqVHe2pGOZnfs5O6qmZISrLL%2F%2BYd3k%2FpStefX4seSz2scvXtQHw%3D%3D%7Ctkp%3ABk9SR_y408iKYg,17.01,0.0,1,5days,outdoorpowerequipment,FALSE,,,,,,,,,,,,,,
B01LRHAYAU,cartie6781,https://www.amazon.com/dp/B01LRHAYAU,25.976470588235298,,4,3-5,https://www.ebay.com/itm/143925350080?epid=235617379&hash=item21829e8ec0:g:tbcAAOSwEiNiNLwd&amdata=enc%3AAQAHAAAAwGOtC8R%2B0ld3tBlTOkS6hYZZDcqM%2BC8Jkvzoun8z2aJrpSl21uUQbqORM83%2FOGNp2NPqrPinpANUhCbLP6Gb8%2BruGrYqG1MwW3znaexx3va8PYBIFaMMvXBej%2BaB4DpLhDoFa5b9Z%2Fc8aUBoHpl%2BfdiRuOZcUGs6hj10Ka3D7a3O5opD6LeGf8A%2B3HRM%2B%2BJO%2F7v6UeouFWpXAFXvQ6BCDs59ETTRGdivwd9ppEzkYOlY7nJfQxdoiKVfI1zikIB5YQ%3D%3D%7Ctkp%3ABk9SR5q81PbtYQ,13.91,0.0,2,5days,Your RV Solutions,FALSE,,,,,,,,,,,,,,
B001NZMBV2,cartie6793,https://www.amazon.com/dp/B001NZMBV2,31.55435294117647,,4,3-5,https://www.ebay.com/itm/332653396178?epid=1711844507&hash=item4d73b000d2:g:u5UAAOSwSY9a-xZ3&amdata=enc%3AAQAIAAAA4BJSdNey%2BQN%2F2DVM2mCjAFTO7of8MOq4ZYZCkvfsA7B6FG0MjYI1%2FzR9Up8Zm%2B2El%2BLMauLG3Lyvl%2FHvdgLqvh%2BoRwBdSzULQNUeUl3RTVGWXA8eUMm44eLm8pRLQwdlxm4O6Lgo%2BPW3yOJSbRsMlZG7ttdNAQARlWt2WRGKDzJpCiTjM8zSI2IZJf7RJpYNUet5XwZd79bzYKtuJ8iU7YRvyaSbKg9ZRghLKhGM2mTYFhaKV7qtkcttG1e2xQ%2FSujm8fytTR7JD6MuDVTwoysC%2FHq6a4b7kGlWL6yXupB23%7Ctkp%3ABk9SR5iNl7DfYg,17.89,0.0,17,7days,performancepartspro1,FALSE,,,,,,,,,,,,,,
B004I9ZZFY,cartie6823,https://www.amazon.com/dp/B004I9ZZFY,27.247058823529414,,4,3-5,https://www.ebay.com/itm/172099645970?epid=236233301&hash=item2811f03212:g:ESAAAOSw~OVWvkd-&amdata=enc%3AAQAHAAAA4PYbMqkztAvouKKHNiBQo8yOqpVEC%2BjkCCNpccMwYztKWQqqKulfZO9o8yQsm0AvJyAiT3pjrCpoO0jWOxNjfUMfU6e3dPtul25eqOzee5CTQBp9uXft2zwLJZjqomOSRJXifD%2BmSBsS5VYZtplf143rIP0IsA35Q6h8nusk1zOUPnrMSxA%2FP5wnTFUYrhrRHE4eVcF5yIo6Bs7zgvCnQ5wem1s9c7mwFyhvnsuvfqFrVDNxB%2FBUDswbOePptPQgejQL2QnlID8dEgWb%2BDXw40zUJ%2BW8uStE23r%2FFITC2ojq%7Ctkp%3ABk9SR6SnsdLtYQ,14.5,0.0,4,0days,The Trailer Shoppe,FALSE,,,,,,,,,,,,,,
B0064ECESM,cartie6852,https://www.amazon.com/dp/B0064ECESM,31.656,,4,3-5,https://www.ebay.com/itm/232770014411?hash=item36322c8ccb:g:xrMAAOSwgFJa-xII&amdata=enc%3AAQAHAAAA4CVVttT%2FrBkNjw5LGFrvZOEnoin7%2BPYNZK3zOXHVzjnZYgdVoqamB91seLr7lJu1iuCAtrYvLqUJYQ3pO9B943u3iqnXSrAFyx1oij2cjgM2ykNL4Eio4NVk865AAPVnHreKSRKbGHazUWb7PSCY69F2B6FKSkKP0jFbl3qd5RcOUli7LI9LFI6hM200O8yxChKJwwgv3TMbo168l4%2FYqwR%2BWaMDzex15HYnPQtLZBU7J5Db3BT5Rr35DdM3eK9eFjChVGua035kOQKJMN%2Fl62tL00C0B0pnxBCFB5CnanzD%7Ctkp%3ABk9SR6iQ-s_tYQ,17.97,0.0,24,8days,performancepartspro1,FALSE,,,,,,,,,,,,,,
B002ZD6NCY,cartie6853,https://www.amazon.com/dp/B002ZD6NCY,31.656,,4,3-5,https://www.ebay.com/itm/232770014411?hash=item36322c8ccb:g:xrMAAOSwgFJa-xII&amdata=enc%3AAQAHAAAAwFZFwENRzy7GWBimiUxy%2B4USIW96o1LxBaaNvaj0D8K8UXDe7fVqUsLJli93pBc%2FEVUy%2Fn9xPIE2FKOrwWcQdPeb%2FhOwTic6ShbpLFROql5KCIHzND%2F%2BiBQEekvi%2F0t9PKFVLEGD45nfzjZRfwUOnfR8jlYE4bWpPV3uqu2XWcTJjfq3rpLIs0X3qYLhwr%2BMqbVBloBVAlO4VLV2LU5YwXWLQq2XDBfZYMeTwm7hkvW%2B03GAy9CEcUx%2BwtVso4vOUg%3D%3D%7Ctkp%3ABk9SR_SlitjtYQ,17.97,0.0,24,8days,performancepartspro1,FALSE,,,,,,,,,,,,,,
B00QRWR1YI,cartie6924,https://www.amazon.com/dp/B00QRWR1YI,30.75388235294118,,4,3-5,https://www.ebay.com/itm/332653263392?hash=item4d73adfa20:g:NywAAOSwQola-vsK&amdata=enc%3AAQAHAAAA4NK56YlpgMdoFXKXmmOhySlmb4nZKONTJ4XOMf2SCnOxtE%2F9iHkc1WD1y2J7cNdKCr2kCkpuPEkNSLNeY%2BZLloGgp0I9t8nCBf8CoBstsG7PwakZz%2FO%2FB9HsWqUO5E3CpFKaXWKrrxcGtcGpJHNNH2j5o2ygCBJ3A2NhrGRcxgVutRR8odPoYZz3K%2B8SZM5zxkLUMhT%2Bs0hlAm4moNm%2BTd9v5PNBE2oLYz2aKNgH7khLtOTkWLauTdq9KWt%2B0n2jbXKLsbuv%2Fo3lpNM11MsyoU2F2mYRN%2BHYpyrwXxzPsB1t%7Ctkp%3ABk9SR67e4M_tYQ,17.26,0.0,15,7days,performancepartspro1,FALSE,,,,,,,,,,,,,,
B000BGK080,cartie6963,https://www.amazon.com/dp/B000BGK080,24.057882352941178,,4,3-5,https://www.ebay.com/itm/234771392224?hash=item36a97726e0:g:5iMAAOSws7ljalpX&amdata=enc%3AAQAIAAAAwKHO4kfge7x9a3arIHCy9l5u7122XBucw3D75Dky1AsKEPhyfFfYP9jPQi3KlxZP8NEvDJ3a%2FZ9g7k01K03435yKQeksG34uqcIlph3yr9Xp%2BbMSvtsJg4QUHwdJMAlhavadXAY0vt1RBHLIBckreiP5zCrSg5LSTglqSbzR2jlfm0QKOHMVOHGnxavOB9IVG%2FuavmlJQGs%2FFQem66%2BZmGuoKC17lsX%2FBfuPJSF4jm%2BPOFH6YiUYgpb%2F8rji4avlHQ%3D%3D%7Ctkp%3ABk9SR-rK6KueYg,11.99,0.0,22,5days,performancepartspro1,FALSE,,,,,,,,,,,,,,
B008Y9IU8I,cartie7224,https://www.amazon.com/dp/B008Y9IU8I,27.53929411764706,,4,3-5,https://www.ebay.com/itm/115747275012?epid=657205824&hash=item1af3134104:g:900AAOSwP3hiurNJ&amdata=enc%3AAQAIAAAA0J3sEbb3G2HZXgSbnYce7q7IIW%2BvSXI1sUEU4RyXtjKq4MXk41g4yuhZ1LH3qKoaeICQ2vh6lUdDMG6HD7pRLrbU54%2Bgh%2BEWI%2B%2B7ecrCq3%2FdbisRnL9eg5nPwwB%2FIDHwHWunpu%2BR1AJL%2FtuEJo2tl%2FOwiP69BwwxoS%2FK1hcdiZ%2F6W2wNQWV93Ne0paQiyCtitBL%2FHm6PIs7Q25kkXwTi7k76zND%2FKIPlGNDSC38ZUCzaOkyLUrSeSmrb2epwdt6qyBJXuJn8s1qv3qXeKYRr0YE%3D%7Ctkp%3ABk9SR6iuub7fYg,14.73,0.0,4,5days,Koskowski Autoparts,FALSE,,,,,,,,,,,,,,
B00M38CU5A,cartie7230,https://www.amazon.com/dp/B00M38CU5A,28.47952941176471,,4,3-5,https://www.ebay.com/itm/193965806642?hash=item2d29435432:g:L9YAAOSwgtVfLFsx&amdata=enc%3AAQAIAAAA8EyUFbNMo9LJxwO61vWki9D4p9ZmyQb9gGEVoep%2BSFuMzRs11oW%2BUyPiwiJudhHKxdc8O%2BNvL6x52CnngQ%2FBeSSwzo6er00WPwZnrxS1Oo%2FqeLoL0VE5jprRTBwoYOr5Q5tO9hO6TIPLHBp1YKFJDxasV0FIgF6XGr4hrPZlBBQs82FvE8Mogv3%2Fz2z26pQ59y5wcC3DzcfHlBB%2FAanS%2F9rp7ZPlqj6xaksxKFcgwy7pKqOKwj5tepbxUXf4xrz1YfQWye37ElWV5QLwH3Wxr6gDNNbNYqJkr9HIj8OhqafrbF74NM8CCyhC0%2B3jblyg6A%3D%3D%7Ctkp%3ABk9SR_bZ26qAYg,15.47,0.0,23,5days,GlobalTrustedTrade,FALSE,,,,,,,,,,,,,,
B008Y8XPUC,cartie7289,https://www.amazon.com/dp/B008Y8XPUC,25.328470588235298,,4,3-5,https://www.ebay.com/itm/274834350999?hash=item3ffd676397:g:4NkAAOSw7Pti2T3f&amdata=enc%3AAQAIAAAA8I7D7Nq2mrMHNmIxIKr7d8UehheVcnI0yOIYLHkx3Nho5%2B2n7Ao7AbsA7axy7l4nV24nTkyVwpk5uD5hgJXiJpN%2B0x360oZqbGcKNWwTm3Waur9g0gIemwv1aJHEB4rbgZeWHDp0w2MzHJNa6dV7rUfst%2BY8inymsfvufXrnqzSEGuwFwlhMER2%2BQXwVVjM2s3PhDciW1QQidfBBc3oaDSex5ERNzF1jeptrOANmhyZUxbHP1mfkSrceCrdFqKZHmHj15UaAA46U5RXqGbK0aPanQCe9i2iG9%2BFOU6YY9fQZTmA8GJEv02g01o04IW%2BFgA%3D%3D%7Ctkp%3ABk9SR961rqqAYg,12.99,0.0,9,0days,abusaqer,FALSE,,,,,,,,,,,,,,
B00N4942K8,cartie7305,https://www.amazon.com/dp/B00N4942K8,24.057882352941178,,4,3-5,https://www.ebay.com/itm/302708173492?hash=item467ad02ab4:g:8UIAAOSwOdldWw5t&amdata=enc%3AAQAIAAAA0PDXsbHMmo8%2BJLVNOGsctNlaIkz%2FXcdPtMy2uPN9pIcqGgsCu0z2PfM6lU0wKyaqcNfHjQ2OB%2BtgwV9vUM%2Fq8WnVmwIxSrrwrVbnyuAqzm1ifFLlgBzZ6qxDVuchaZQK8uSI9c1eRowuwkdrMq4hKfA2atIbt6gCJlgeC8fxqxbTy8n8hFQ4mtm%2BLN2yNzcwM1wfe59JKWmnvm%2FHS%2FNKc47b%2BfFPEy%2FaQyF4rZ1kvlyiIJK9q3WVcXRWab5y911owspFJKCUQ0lx0UOhs%2FHQvmA%3D%7Ctkp%3ABk9SR9745qmAYg,11.99,0.0,1,0days,RADLEY GM WHOLESALE,FALSE,,,,,,,,,,,,,,
B008Y9DYV6,cartie7314,https://www.amazon.com/dp/B008Y9DYV6,17.527058823529412,,4,3-5,https://www.ebay.com/itm/325523205593?epid=658609400&hash=item4bcab1edd9:g:QBoAAOSw66lj3kpM&amdata=enc%3AAQAIAAAA0MzN1JF%2Ft087Bk71ZdHtovmgj1cglWDT2YynqhiU98EJNVd1ijN%2BS%2BIEZls1eeKEBQKViN98%2Fr%2BSmRv3qUd34g2Qs7oqmKKBX20J15iAvb%2FatP9aUDFtRhVMtzgfw8CrCp5YCDoIC%2B4nKaDvHFvYQbEPm5jahI6p4EQj8EnH3oioMunO%2BGIoWfWpNrXMj6XsAFy7gi0R1XzIcEBBMa77dTFYFKV3BBZhJ59l6W4Lov4fmHQlMNNYWDWGRzUJaiB4E6FIMX3BmiAJK2I8UJuMmIw%3D%7Ctkp%3ABk9SR4r08vWAYg,6.85,0.0,4,0days,qpd316,FALSE,,,,,,,,,,,,,,
B00M39E34K,cartie7331,https://www.amazon.com/dp/B00M39E34K,27.86964705882353,,4,3-5,https://www.ebay.com/itm/124443067466?hash=item1cf962844a:g:1eoAAOSw59JfswB0&amdata=enc%3AAQAIAAAA8BhgZOLSWGltdDTN6HJn9RmSUSg6cuWAw2onLqUact06h639asnJlZxyIy6lx9txU26zUfOWEF%2FISfiAox4H3l6liZpUMreVannzcN6N9sMQdxoG1R8uWtaD3%2BS7NMurZ1VMIrmKnJTqmZSGZVRsKIqYWKSuSnGc9gf0OMvUc0pvQoZVvdVmVV3U1%2BO9I%2F78vXo75CMXFdAid1FKQF4vFODb21%2BHqSDEpCwM%2B%2BU5Qi6p8Kj57w0oE6vnesCb6xH1EPYoSC07x9%2BZ0Y%2FqQxuOX8ADS8GGtuoKfnRJjJBaAxiUt7YbWnS7wt1cchu9NoB2JQ%3D%3D%7Ctkp%3ABk9SR7rhrdD_YQ,14.99,0.0,33,0days,EKG Diesel ,FALSE,,,,,,,,,,,,,,
B008Y9HW1O,cartie7395,https://www.amazon.com/dp/B008Y9HW1O,27.386823529411767,,4,3-5,https://www.ebay.com/itm/303096398002?hash=item4691f400b2:g:u0gAAOSwBRpciq-k&amdata=enc%3AAQAIAAAA8Fc2yki3DLFR2vh8k9qy%2F%2FNud667MCzhhDJxZ1HSfYhmUp%2FGBMLNb02edy9H6VLcOOjWmXDLIedI04%2BeQgYdCCezwndJlDKuP9I%2FmOg8a5LeEDOeAlDL%2FIP9gkrrUOREbwvo1x2suw5rtBbVM8%2FUDRSCf094lw1ok1QJGbWZboTi37u%2FemITeaejvJkbVAioNBP6O0cEUBUofFo9ZcnWoAGk5ANqTEIsQu6OTEfWP3hjIMYcasMnzJeTLBDyDz1Koc6U6suj1wjUCr90KJxxxWcGY00CgHIaBHldh7jlA0uJf6izvXJJlU1Ea53oXVyTrQ%3D%3D%7Ctkp%3ABk9SR6igjMj_YQ,14.61,0.0,1,5days,RADLEY GM WHOLESALE,FALSE,,,,,,,,,,,,,,
B008Y8TN3K,cartie7439,https://www.amazon.com/dp/B008Y8TN3K,20.19529411764706,,4,3-5,https://www.ebay.com/itm/224535890966?hash=item344761cc16:g:47QAAOSwLFFg8KnI&amdata=enc%3AAQAIAAAA0O7qK1FsifXU%2FCZb36sJ7fJMpTOgZl68pLNlxfJuB%2BBXHmkujFTd6AHM1P0Zx72XVi2nmBNGIxqNEZwfZoH0MgSL2yDB2VWK6QT1%2Fxr1WAQm6kcYE%2BzDzNYwpbclZtTMcz9JHfvRQhD8170xEKcFNlMXjRfK40Xwif4B7pqfosIsePbrQQduL9TeQ5aPL3syUiJQ1KLfyDVAdARhJpdt67%2FnJA1IHNVVBZie9kZKZEhfmugG3VR1%2BGh%2FhYzdVj5twEvQkxai%2BB2Vcb9iLS6%2Fxzo%3D%7Ctkp%3ABk9SR56qrNKDYg,8.95,0.0,10,0days,qpd316,FALSE,,,,,,,,,,,,,,
B008Y8WP26,cartie7489,https://www.amazon.com/dp/B008Y8WP26,27.170823529411763,,4,3-5,https://www.ebay.com/itm/325307668085?epid=658323963&hash=item4bbdd91675:g:COcAAOSwU9tiaFBm&amdata=enc%3AAQAIAAAA8L35GenHgCRWoA8l%2FvVSkXnRUUJePks6IUCp6uR1pktvpae%2Bkeit18qbyTF9wm%2BTmUkg2DHxFYBsGawLN7lp3G5Xj5NkI20CW0ESbbD2W4Pp1opNFMgpFooxwyU%2B6QQqNxJ2E9pCsMHkATBiKzQ3Q9WoFvDdor9blQ3mTQ1l4X5DOCmH4zpcj4dJhX9OWUB6UEfHv1X8rpuy7UoljgdT4Dw24W0DWXwJpXhWTIFj5BEvP7OFEUZ9wXrbDoJaKf2XoBIawNE9uJZU63haEDNbjsAsuGDHis3wQxuPgajXDpl4RRMiHQxLtZxAQaFD6BE3ew%3D%3D%7Ctkp%3ABk9SR_z4gcmDYg,8.59,5.65,3,0days,Modern Day Muscle,FALSE,,,,,,,,,,,,,,
B008Y96IC8,cartie7718,https://www.amazon.com/dp/B008Y96IC8,21.986823529411765,,4,3-5,https://www.ebay.com/itm/185303666208?epid=3017021592&hash=item2b24f58e20:g:N08AAOSw521iET7d&amdata=enc%3AAQAIAAAA8OQD9Kx1yv5lhh4RNGzqivYqxLvlFq1gbtY9dnmgSLwQNRQggDfg0Jyw8kLVFLHhZjetiQ12y3oGTSQuC%2B2NHj6Z6nSRADy5WTi6kZ9LMhu35TU0ZwRJu0XjH4ek7PC0p4z%2BvjlF7AeGfhd1VydoLDhWQ6wqTWCkGeYkyISNDWHXc27JK31HliFatdsTSre7KSv6oW4TDKeHjPI%2Fj7KW%2F2EFxJX7FgY46woipbaSCWc%2BqQp5WJOVuHT%2BuFqSQiuj7X%2FszeH3ij2lWBm4FYzkbxMgOELzvQGPugx9liI81osnwkRYUCb7tQayPgW3MCZpxw%3D%3D%7Ctkp%3ABk9SR4aqi5e2Yg,10.36,0.0,7,0days,NextGear Auto Parts | Cars - Trucks,FALSE,,,,,,,,,,,,,,
B000CSPFXM,cartie7736,https://www.amazon.com/dp/B000CSPFXM,16.40894117647059,,4,3-5,https://www.ebay.com/itm/185890396836?epid=112941416&hash=item2b47ee5aa4:g:qw4AAOSwgaFkW8T5&amdata=enc%3AAQAIAAAA4Oo%2BLBUFILigXknGLO7qylDFzJl1aU%2FDqvKFp79uzwTbjqDNv7xv8RUPfO23YzzPMJop1B7EfJefUGwwN%2B93GDjl8LmXxtWaU5%2BLmu1nb5fcN435jmYbiSChZCabvVjQSMqezZDkrd8JX6QiBMYpY50EEF%2F4Og1Ldawl8b3p5j11gyel%2B3VcW16YEZOgnCA2J2ssmkHg4ct%2FAmI6Pp619NqfqgqX2Gmkx0uXxTsDcKkMChucSSbeTxq1mAXnO7xhmRAi0NLTqtRLK2RqYgC7ySwCe871SSLsGbKKZC27Dqjw%7Ctkp%3ABk9SR7zN4ZW2Yg,5.97,0.0,22,0days,MegaDeals2022,FALSE,,,,,,,,,,,,,,
B001OKASMA,cartie7772,https://www.amazon.com/dp/B001OKASMA,0,,2,1-3,https://www.ebay.com/itm/195396230381?epid=81484835&hash=item2d7e85dced:g:-dMAAOSwyNNiq7iD&amdata=enc%3AAQAIAAAAwLJWMWZ63zqO8yYk8DajJq3mxV8wM6Q4DoFzaKxBCLSTD1iFZPP24wz1MNW4s7e5a1Y2oRaWOByQtxJqvnNb6lguFNGb8eZEDHLLm19bSCGDp9evnG%2FWkSGQ1qPXBs2O5tsOxph4oOM2fHMel9Ku2LZLZQqwdtdePBauRUgXU7Oz8sJBvhqpbSTiGKZCZhjKH614v64FGNNgXeZ9ZckCR2YQlgeXh%2ByUjwxQ7Y7XY%2BqlUC7w3JSCKMjeM%2BcanKDCVg%3D%3D%7Ctkp%3ABk9SR5qGtOe2Yg,,,,0days,,FALSE,,,,,,,,,,,,,,
B00V5HXBFS,cartie6714,https://www.amazon.com/dp/B00V5HXBFS,30.43623529411765,,4,3-5,https://www.ebay.com/itm/284146787301?epid=18012890223&hash=item422877e3e5:g:rbYAAOSwIlhf~xYx&amdata=enc%3AAQAIAAAAwJSMK%2By63QsEtUr7veVE%2Bo2pcRm%2FOXvcoZth3WB1gfgpnpSaX0ptaalHKrQleE0633B%2B6jLVxwNLsd7v0C4ZhmJ2jdJajVr%2FCUR08kGAeyetitEC319AC5DFSbzfi8uEaNMcfQB9VuNVdSIRfRFEDQ5X%2B3tNbHUpBKxgxTw%2BGsb2H19okCZBzLBPHCqPJAxkr38eZF3obj5oLLkGqVHe2pGOZnfs5O6qmZISrLL%2F%2BYd3k%2FpStefX4seSz2scvXtQHw%3D%3D%7Ctkp%3ABk9SR_y408iKYg,17.01,0.0,1,5days,outdoorpowerequipment,FALSE,,,,,,,,,,,,,,
B01LRHAYAU,cartie6781,https://www.amazon.com/dp/B01LRHAYAU,25.976470588235298,,4,3-5,https://www.ebay.com/itm/143925350080?epid=235617379&hash=item21829e8ec0:g:tbcAAOSwEiNiNLwd&amdata=enc%3AAQAHAAAAwGOtC8R%2B0ld3tBlTOkS6hYZZDcqM%2BC8Jkvzoun8z2aJrpSl21uUQbqORM83%2FOGNp2NPqrPinpANUhCbLP6Gb8%2BruGrYqG1MwW3znaexx3va8PYBIFaMMvXBej%2BaB4DpLhDoFa5b9Z%2Fc8aUBoHpl%2BfdiRuOZcUGs6hj10Ka3D7a3O5opD6LeGf8A%2B3HRM%2B%2BJO%2F7v6UeouFWpXAFXvQ6BCDs59ETTRGdivwd9ppEzkYOlY7nJfQxdoiKVfI1zikIB5YQ%3D%3D%7Ctkp%3ABk9SR5q81PbtYQ,13.91,0.0,2,5days,Your RV Solutions,FALSE,,,,,,,,,,,,,,
B001NZMBV2,cartie6793,https://www.amazon.com/dp/B001NZMBV2,31.55435294117647,,4,3-5,https://www.ebay.com/itm/332653396178?epid=1711844507&hash=item4d73b000d2:g:u5UAAOSwSY9a-xZ3&amdata=enc%3AAQAIAAAA4BJSdNey%2BQN%2F2DVM2mCjAFTO7of8MOq4ZYZCkvfsA7B6FG0MjYI1%2FzR9Up8Zm%2B2El%2BLMauLG3Lyvl%2FHvdgLqvh%2BoRwBdSzULQNUeUl3RTVGWXA8eUMm44eLm8pRLQwdlxm4O6Lgo%2BPW3yOJSbRsMlZG7ttdNAQARlWt2WRGKDzJpCiTjM8zSI2IZJf7RJpYNUet5XwZd79bzYKtuJ8iU7YRvyaSbKg9ZRghLKhGM2mTYFhaKV7qtkcttG1e2xQ%2FSujm8fytTR7JD6MuDVTwoysC%2FHq6a4b7kGlWL6yXupB23%7Ctkp%3ABk9SR5iNl7DfYg,17.89,0.0,17,8days,performancepartspro1,FALSE,,,,,,,,,,,,,,
B004I9ZZFY,cartie6823,https://www.amazon.com/dp/B004I9ZZFY,27.247058823529414,,4,3-5,https://www.ebay.com/itm/172099645970?epid=236233301&hash=item2811f03212:g:ESAAAOSw~OVWvkd-&amdata=enc%3AAQAHAAAA4PYbMqkztAvouKKHNiBQo8yOqpVEC%2BjkCCNpccMwYztKWQqqKulfZO9o8yQsm0AvJyAiT3pjrCpoO0jWOxNjfUMfU6e3dPtul25eqOzee5CTQBp9uXft2zwLJZjqomOSRJXifD%2BmSBsS5VYZtplf143rIP0IsA35Q6h8nusk1zOUPnrMSxA%2FP5wnTFUYrhrRHE4eVcF5yIo6Bs7zgvCnQ5wem1s9c7mwFyhvnsuvfqFrVDNxB%2FBUDswbOePptPQgejQL2QnlID8dEgWb%2BDXw40zUJ%2BW8uStE23r%2FFITC2ojq%7Ctkp%3ABk9SR6SnsdLtYQ,14.5,0.0,4,5days,The Trailer Shoppe,FALSE,,,,,,,,,,,,,,
B0064ECESM,cartie6852,https://www.amazon.com/dp/B0064ECESM,31.656,,4,3-5,https://www.ebay.com/itm/232770014411?hash=item36322c8ccb:g:xrMAAOSwgFJa-xII&amdata=enc%3AAQAHAAAA4CVVttT%2FrBkNjw5LGFrvZOEnoin7%2BPYNZK3zOXHVzjnZYgdVoqamB91seLr7lJu1iuCAtrYvLqUJYQ3pO9B943u3iqnXSrAFyx1oij2cjgM2ykNL4Eio4NVk865AAPVnHreKSRKbGHazUWb7PSCY69F2B6FKSkKP0jFbl3qd5RcOUli7LI9LFI6hM200O8yxChKJwwgv3TMbo168l4%2FYqwR%2BWaMDzex15HYnPQtLZBU7J5Db3BT5Rr35DdM3eK9eFjChVGua035kOQKJMN%2Fl62tL00C0B0pnxBCFB5CnanzD%7Ctkp%3ABk9SR6iQ-s_tYQ,17.97,0.0,24,8days,performancepartspro1,FALSE,,,,,,,,,,,,,,
B002ZD6NCY,cartie6853,https://www.amazon.com/dp/B002ZD6NCY,31.656,,4,3-5,https://www.ebay.com/itm/232770014411?hash=item36322c8ccb:g:xrMAAOSwgFJa-xII&amdata=enc%3AAQAHAAAAwFZFwENRzy7GWBimiUxy%2B4USIW96o1LxBaaNvaj0D8K8UXDe7fVqUsLJli93pBc%2FEVUy%2Fn9xPIE2FKOrwWcQdPeb%2FhOwTic6ShbpLFROql5KCIHzND%2F%2BiBQEekvi%2F0t9PKFVLEGD45nfzjZRfwUOnfR8jlYE4bWpPV3uqu2XWcTJjfq3rpLIs0X3qYLhwr%2BMqbVBloBVAlO4VLV2LU5YwXWLQq2XDBfZYMeTwm7hkvW%2B03GAy9CEcUx%2BwtVso4vOUg%3D%3D%7Ctkp%3ABk9SR_SlitjtYQ,17.97,0.0,24,8days,performancepartspro1,FALSE,,,,,,,,,,,,,,
B00QRWR1YI,cartie6924,https://www.amazon.com/dp/B00QRWR1YI,30.75388235294118,,4,3-5,https://www.ebay.com/itm/332653263392?hash=item4d73adfa20:g:NywAAOSwQola-vsK&amdata=enc%3AAQAHAAAA4NK56YlpgMdoFXKXmmOhySlmb4nZKONTJ4XOMf2SCnOxtE%2F9iHkc1WD1y2J7cNdKCr2kCkpuPEkNSLNeY%2BZLloGgp0I9t8nCBf8CoBstsG7PwakZz%2FO%2FB9HsWqUO5E3CpFKaXWKrrxcGtcGpJHNNH2j5o2ygCBJ3A2NhrGRcxgVutRR8odPoYZz3K%2B8SZM5zxkLUMhT%2Bs0hlAm4moNm%2BTd9v5PNBE2oLYz2aKNgH7khLtOTkWLauTdq9KWt%2B0n2jbXKLsbuv%2Fo3lpNM11MsyoU2F2mYRN%2BHYpyrwXxzPsB1t%7Ctkp%3ABk9SR67e4M_tYQ,17.26,0.0,15,5days,performancepartspro1,FALSE,,,,,,,,,,,,,,
B000BGK080,cartie6963,https://www.amazon.com/dp/B000BGK080,24.057882352941178,,4,3-5,https://www.ebay.com/itm/234771392224?hash=item36a97726e0:g:5iMAAOSws7ljalpX&amdata=enc%3AAQAIAAAAwKHO4kfge7x9a3arIHCy9l5u7122XBucw3D75Dky1AsKEPhyfFfYP9jPQi3KlxZP8NEvDJ3a%2FZ9g7k01K03435yKQeksG34uqcIlph3yr9Xp%2BbMSvtsJg4QUHwdJMAlhavadXAY0vt1RBHLIBckreiP5zCrSg5LSTglqSbzR2jlfm0QKOHMVOHGnxavOB9IVG%2FuavmlJQGs%2FFQem66%2BZmGuoKC17lsX%2FBfuPJSF4jm%2BPOFH6YiUYgpb%2F8rji4avlHQ%3D%3D%7Ctkp%3ABk9SR-rK6KueYg,11.99,0.0,22,5days,performancepartspro1,FALSE,,,,,,,,,,,,,,
B008Y9IU8I,cartie7224,https://www.amazon.com/dp/B008Y9IU8I,27.53929411764706,,4,3-5,https://www.ebay.com/itm/115747275012?epid=657205824&hash=item1af3134104:g:900AAOSwP3hiurNJ&amdata=enc%3AAQAIAAAA0J3sEbb3G2HZXgSbnYce7q7IIW%2BvSXI1sUEU4RyXtjKq4MXk41g4yuhZ1LH3qKoaeICQ2vh6lUdDMG6HD7pRLrbU54%2Bgh%2BEWI%2B%2B7ecrCq3%2FdbisRnL9eg5nPwwB%2FIDHwHWunpu%2BR1AJL%2FtuEJo2tl%2FOwiP69BwwxoS%2FK1hcdiZ%2F6W2wNQWV93Ne0paQiyCtitBL%2FHm6PIs7Q25kkXwTi7k76zND%2FKIPlGNDSC38ZUCzaOkyLUrSeSmrb2epwdt6qyBJXuJn8s1qv3qXeKYRr0YE%3D%7Ctkp%3ABk9SR6iuub7fYg,14.73,0.0,4,5days,Koskowski Autoparts,FALSE,,,,,,,,,,,,,,
B00M38CU5A,cartie7230,https://www.amazon.com/dp/B00M38CU5A,28.47952941176471,,4,3-5,https://www.ebay.com/itm/193965806642?hash=item2d29435432:g:L9YAAOSwgtVfLFsx&amdata=enc%3AAQAIAAAA8EyUFbNMo9LJxwO61vWki9D4p9ZmyQb9gGEVoep%2BSFuMzRs11oW%2BUyPiwiJudhHKxdc8O%2BNvL6x52CnngQ%2FBeSSwzo6er00WPwZnrxS1Oo%2FqeLoL0VE5jprRTBwoYOr5Q5tO9hO6TIPLHBp1YKFJDxasV0FIgF6XGr4hrPZlBBQs82FvE8Mogv3%2Fz2z26pQ59y5wcC3DzcfHlBB%2FAanS%2F9rp7ZPlqj6xaksxKFcgwy7pKqOKwj5tepbxUXf4xrz1YfQWye37ElWV5QLwH3Wxr6gDNNbNYqJkr9HIj8OhqafrbF74NM8CCyhC0%2B3jblyg6A%3D%3D%7Ctkp%3ABk9SR_bZ26qAYg,15.47,0.0,23,5days,GlobalTrustedTrade,FALSE,,,,,,,,,,,,,,
B00V5HXBFS,cartie6714,https://www.amazon.com/dp/B00V5HXBFS,30.43623529411765,,4,3-5,https://www.ebay.com/itm/284146787301?epid=18012890223&hash=item422877e3e5:g:rbYAAOSwIlhf~xYx&amdata=enc%3AAQAIAAAAwJSMK%2By63QsEtUr7veVE%2Bo2pcRm%2FOXvcoZth3WB1gfgpnpSaX0ptaalHKrQleE0633B%2B6jLVxwNLsd7v0C4ZhmJ2jdJajVr%2FCUR08kGAeyetitEC319AC5DFSbzfi8uEaNMcfQB9VuNVdSIRfRFEDQ5X%2B3tNbHUpBKxgxTw%2BGsb2H19okCZBzLBPHCqPJAxkr38eZF3obj5oLLkGqVHe2pGOZnfs5O6qmZISrLL%2F%2BYd3k%2FpStefX4seSz2scvXtQHw%3D%3D%7Ctkp%3ABk9SR_y408iKYg,17.01,0.0,1,5days,outdoorpowerequipment,FALSE,,,,,,,,,,,,,,
B01LRHAYAU,cartie6781,https://www.amazon.com/dp/B01LRHAYAU,26.497411764705888,,4,3-5,https://www.ebay.com/itm/143925350080?epid=235617379&hash=item21829e8ec0:g:tbcAAOSwEiNiNLwd&amdata=enc%3AAQAHAAAAwGOtC8R%2B0ld3tBlTOkS6hYZZDcqM%2BC8Jkvzoun8z2aJrpSl21uUQbqORM83%2FOGNp2NPqrPinpANUhCbLP6Gb8%2BruGrYqG1MwW3znaexx3va8PYBIFaMMvXBej%2BaB4DpLhDoFa5b9Z%2Fc8aUBoHpl%2BfdiRuOZcUGs6hj10Ka3D7a3O5opD6LeGf8A%2B3HRM%2B%2BJO%2F7v6UeouFWpXAFXvQ6BCDs59ETTRGdivwd9ppEzkYOlY7nJfQxdoiKVfI1zikIB5YQ%3D%3D%7Ctkp%3ABk9SR5q81PbtYQ,13.91,0.0,2,5days,Your RV Solutions,FALSE,,,,,,,,,,,,,,
B001NZMBV2,cartie6793,https://www.amazon.com/dp/B001NZMBV2,31.55435294117647,,4,3-5,https://www.ebay.com/itm/332653396178?epid=1711844507&hash=item4d73b000d2:g:u5UAAOSwSY9a-xZ3&amdata=enc%3AAQAIAAAA4BJSdNey%2BQN%2F2DVM2mCjAFTO7of8MOq4ZYZCkvfsA7B6FG0MjYI1%2FzR9Up8Zm%2B2El%2BLMauLG3Lyvl%2FHvdgLqvh%2BoRwBdSzULQNUeUl3RTVGWXA8eUMm44eLm8pRLQwdlxm4O6Lgo%2BPW3yOJSbRsMlZG7ttdNAQARlWt2WRGKDzJpCiTjM8zSI2IZJf7RJpYNUet5XwZd79bzYKtuJ8iU7YRvyaSbKg9ZRghLKhGM2mTYFhaKV7qtkcttG1e2xQ%2FSujm8fytTR7JD6MuDVTwoysC%2FHq6a4b7kGlWL6yXupB23%7Ctkp%3ABk9SR5iNl7DfYg,17.89,0.0,17,8days,performancepartspro1,FALSE,,,,,,,,,,,,,,
B004I9ZZFY,cartie6823,https://www.amazon.com/dp/B004I9ZZFY,27.247058823529414,,4,3-5,https://www.ebay.com/itm/172099645970?epid=236233301&hash=item2811f03212:g:ESAAAOSw~OVWvkd-&amdata=enc%3AAQAHAAAA4PYbMqkztAvouKKHNiBQo8yOqpVEC%2BjkCCNpccMwYztKWQqqKulfZO9o8yQsm0AvJyAiT3pjrCpoO0jWOxNjfUMfU6e3dPtul25eqOzee5CTQBp9uXft2zwLJZjqomOSRJXifD%2BmSBsS5VYZtplf143rIP0IsA35Q6h8nusk1zOUPnrMSxA%2FP5wnTFUYrhrRHE4eVcF5yIo6Bs7zgvCnQ5wem1s9c7mwFyhvnsuvfqFrVDNxB%2FBUDswbOePptPQgejQL2QnlID8dEgWb%2BDXw40zUJ%2BW8uStE23r%2FFITC2ojq%7Ctkp%3ABk9SR6SnsdLtYQ,14.5,0.0,4,0days,The Trailer Shoppe,FALSE,,,,,,,,,,,,,,
B0064ECESM,cartie6852,https://www.amazon.com/dp/B0064ECESM,31.656,,4,3-5,https://www.ebay.com/itm/232770014411?hash=item36322c8ccb:g:xrMAAOSwgFJa-xII&amdata=enc%3AAQAHAAAA4CVVttT%2FrBkNjw5LGFrvZOEnoin7%2BPYNZK3zOXHVzjnZYgdVoqamB91seLr7lJu1iuCAtrYvLqUJYQ3pO9B943u3iqnXSrAFyx1oij2cjgM2ykNL4Eio4NVk865AAPVnHreKSRKbGHazUWb7PSCY69F2B6FKSkKP0jFbl3qd5RcOUli7LI9LFI6hM200O8yxChKJwwgv3TMbo168l4%2FYqwR%2BWaMDzex15HYnPQtLZBU7J5Db3BT5Rr35DdM3eK9eFjChVGua035kOQKJMN%2Fl62tL00C0B0pnxBCFB5CnanzD%7Ctkp%3ABk9SR6iQ-s_tYQ,17.97,0.0,24,8days,performancepartspro1,FALSE,,,,,,,,,,,,,,
B002ZD6NCY,cartie6853,https://www.amazon.com/dp/B002ZD6NCY,31.656,,4,3-5,https://www.ebay.com/itm/232770014411?hash=item36322c8ccb:g:xrMAAOSwgFJa-xII&amdata=enc%3AAQAHAAAAwFZFwENRzy7GWBimiUxy%2B4USIW96o1LxBaaNvaj0D8K8UXDe7fVqUsLJli93pBc%2FEVUy%2Fn9xPIE2FKOrwWcQdPeb%2FhOwTic6ShbpLFROql5KCIHzND%2F%2BiBQEekvi%2F0t9PKFVLEGD45nfzjZRfwUOnfR8jlYE4bWpPV3uqu2XWcTJjfq3rpLIs0X3qYLhwr%2BMqbVBloBVAlO4VLV2LU5YwXWLQq2XDBfZYMeTwm7hkvW%2B03GAy9CEcUx%2BwtVso4vOUg%3D%3D%7Ctkp%3ABk9SR_SlitjtYQ,17.97,0.0,24,8days,performancepartspro1,FALSE,,,,,,,,,,,,,,
B00QRWR1YI,cartie6924,https://www.amazon.com/dp/B00QRWR1YI,30.75388235294118,,4,3-5,https://www.ebay.com/itm/332653263392?hash=item4d73adfa20:g:NywAAOSwQola-vsK&amdata=enc%3AAQAHAAAA4NK56YlpgMdoFXKXmmOhySlmb4nZKONTJ4XOMf2SCnOxtE%2F9iHkc1WD1y2J7cNdKCr2kCkpuPEkNSLNeY%2BZLloGgp0I9t8nCBf8CoBstsG7PwakZz%2FO%2FB9HsWqUO5E3CpFKaXWKrrxcGtcGpJHNNH2j5o2ygCBJ3A2NhrGRcxgVutRR8odPoYZz3K%2B8SZM5zxkLUMhT%2Bs0hlAm4moNm%2BTd9v5PNBE2oLYz2aKNgH7khLtOTkWLauTdq9KWt%2B0n2jbXKLsbuv%2Fo3lpNM11MsyoU2F2mYRN%2BHYpyrwXxzPsB1t%7Ctkp%3ABk9SR67e4M_tYQ,17.26,0.0,15,8days,performancepartspro1,FALSE,,,,,,,,,,,,,,
B000BGK080,cartie6963,https://www.amazon.com/dp/B000BGK080,24.057882352941178,,4,3-5,https://www.ebay.com/itm/234771392224?hash=item36a97726e0:g:5iMAAOSws7ljalpX&amdata=enc%3AAQAIAAAAwKHO4kfge7x9a3arIHCy9l5u7122XBucw3D75Dky1AsKEPhyfFfYP9jPQi3KlxZP8NEvDJ3a%2FZ9g7k01K03435yKQeksG34uqcIlph3yr9Xp%2BbMSvtsJg4QUHwdJMAlhavadXAY0vt1RBHLIBckreiP5zCrSg5LSTglqSbzR2jlfm0QKOHMVOHGnxavOB9IVG%2FuavmlJQGs%2FFQem66%2BZmGuoKC17lsX%2FBfuPJSF4jm%2BPOFH6YiUYgpb%2F8rji4avlHQ%3D%3D%7Ctkp%3ABk9SR-rK6KueYg,11.99,0.0,22,5days,performancepartspro1,FALSE,,,,,,,,,,,,,,
B008Y9IU8I,cartie7224,https://www.amazon.com/dp/B008Y9IU8I,27.53929411764706,,4,3-5,https://www.ebay.com/itm/115747275012?epid=657205824&hash=item1af3134104:g:900AAOSwP3hiurNJ&amdata=enc%3AAQAIAAAA0J3sEbb3G2HZXgSbnYce7q7IIW%2BvSXI1sUEU4RyXtjKq4MXk41g4yuhZ1LH3qKoaeICQ2vh6lUdDMG6HD7pRLrbU54%2Bgh%2BEWI%2B%2B7ecrCq3%2FdbisRnL9eg5nPwwB%2FIDHwHWunpu%2BR1AJL%2FtuEJo2tl%2FOwiP69BwwxoS%2FK1hcdiZ%2F6W2wNQWV93Ne0paQiyCtitBL%2FHm6PIs7Q25kkXwTi7k76zND%2FKIPlGNDSC38ZUCzaOkyLUrSeSmrb2epwdt6qyBJXuJn8s1qv3qXeKYRr0YE%3D%7Ctkp%3ABk9SR6iuub7fYg,14.73,0.0,4,0days,Koskowski Autoparts,FALSE,,,,,,,,,,,,,,
B00M38CU5A,cartie7230,https://www.amazon.com/dp/B00M38CU5A,28.47952941176471,,4,3-5,https://www.ebay.com/itm/193965806642?hash=item2d29435432:g:L9YAAOSwgtVfLFsx&amdata=enc%3AAQAIAAAA8EyUFbNMo9LJxwO61vWki9D4p9ZmyQb9gGEVoep%2BSFuMzRs11oW%2BUyPiwiJudhHKxdc8O%2BNvL6x52CnngQ%2FBeSSwzo6er00WPwZnrxS1Oo%2FqeLoL0VE5jprRTBwoYOr5Q5tO9hO6TIPLHBp1YKFJDxasV0FIgF6XGr4hrPZlBBQs82FvE8Mogv3%2Fz2z26pQ59y5wcC3DzcfHlBB%2FAanS%2F9rp7ZPlqj6xaksxKFcgwy7pKqOKwj5tepbxUXf4xrz1YfQWye37ElWV5QLwH3Wxr6gDNNbNYqJkr9HIj8OhqafrbF74NM8CCyhC0%2B3jblyg6A%3D%3D%7Ctkp%3ABk9SR_bZ26qAYg,15.47,0.0,23,5days,GlobalTrustedTrade,FALSE,,,,,,,,,,,,,,
B008Y8XPUC,cartie7289,https://www.amazon.com/dp/B008Y8XPUC,25.328470588235298,,4,3-5,https://www.ebay.com/itm/274834350999?hash=item3ffd676397:g:4NkAAOSw7Pti2T3f&amdata=enc%3AAQAIAAAA8I7D7Nq2mrMHNmIxIKr7d8UehheVcnI0yOIYLHkx3Nho5%2B2n7Ao7AbsA7axy7l4nV24nTkyVwpk5uD5hgJXiJpN%2B0x360oZqbGcKNWwTm3Waur9g0gIemwv1aJHEB4rbgZeWHDp0w2MzHJNa6dV7rUfst%2BY8inymsfvufXrnqzSEGuwFwlhMER2%2BQXwVVjM2s3PhDciW1QQidfBBc3oaDSex5ERNzF1jeptrOANmhyZUxbHP1mfkSrceCrdFqKZHmHj15UaAA46U5RXqGbK0aPanQCe9i2iG9%2BFOU6YY9fQZTmA8GJEv02g01o04IW%2BFgA%3D%3D%7Ctkp%3ABk9SR961rqqAYg,12.99,0.0,9,7days,abusaqer,FALSE,,,,,,,,,,,,,,
B00N4942K8,cartie7305,https://www.amazon.com/dp/B00N4942K8,24.057882352941178,,4,3-5,https://www.ebay.com/itm/302708173492?hash=item467ad02ab4:g:8UIAAOSwOdldWw5t&amdata=enc%3AAQAIAAAA0PDXsbHMmo8%2BJLVNOGsctNlaIkz%2FXcdPtMy2uPN9pIcqGgsCu0z2PfM6lU0wKyaqcNfHjQ2OB%2BtgwV9vUM%2Fq8WnVmwIxSrrwrVbnyuAqzm1ifFLlgBzZ6qxDVuchaZQK8uSI9c1eRowuwkdrMq4hKfA2atIbt6gCJlgeC8fxqxbTy8n8hFQ4mtm%2BLN2yNzcwM1wfe59JKWmnvm%2FHS%2FNKc47b%2BfFPEy%2FaQyF4rZ1kvlyiIJK9q3WVcXRWab5y911owspFJKCUQ0lx0UOhs%2FHQvmA%3D%7Ctkp%3ABk9SR9745qmAYg,11.99,0.0,1,0days,RADLEY GM WHOLESALE,FALSE,,,,,,,,,,,,,,
B008Y9DYV6,cartie7314,https://www.amazon.com/dp/B008Y9DYV6,17.527058823529412,,4,3-5,https://www.ebay.com/itm/325523205593?epid=658609400&hash=item4bcab1edd9:g:QBoAAOSw66lj3kpM&amdata=enc%3AAQAIAAAA0MzN1JF%2Ft087Bk71ZdHtovmgj1cglWDT2YynqhiU98EJNVd1ijN%2BS%2BIEZls1eeKEBQKViN98%2Fr%2BSmRv3qUd34g2Qs7oqmKKBX20J15iAvb%2FatP9aUDFtRhVMtzgfw8CrCp5YCDoIC%2B4nKaDvHFvYQbEPm5jahI6p4EQj8EnH3oioMunO%2BGIoWfWpNrXMj6XsAFy7gi0R1XzIcEBBMa77dTFYFKV3BBZhJ59l6W4Lov4fmHQlMNNYWDWGRzUJaiB4E6FIMX3BmiAJK2I8UJuMmIw%3D%7Ctkp%3ABk9SR4r08vWAYg,6.85,0.0,4,0days,qpd316,FALSE,,,,,,,,,,,,,,
B00M39E34K,cartie7331,https://www.amazon.com/dp/B00M39E34K,27.86964705882353,,4,3-5,https://www.ebay.com/itm/124443067466?hash=item1cf962844a:g:1eoAAOSw59JfswB0&amdata=enc%3AAQAIAAAA8BhgZOLSWGltdDTN6HJn9RmSUSg6cuWAw2onLqUact06h639asnJlZxyIy6lx9txU26zUfOWEF%2FISfiAox4H3l6liZpUMreVannzcN6N9sMQdxoG1R8uWtaD3%2BS7NMurZ1VMIrmKnJTqmZSGZVRsKIqYWKSuSnGc9gf0OMvUc0pvQoZVvdVmVV3U1%2BO9I%2F78vXo75CMXFdAid1FKQF4vFODb21%2BHqSDEpCwM%2B%2BU5Qi6p8Kj57w0oE6vnesCb6xH1EPYoSC07x9%2BZ0Y%2FqQxuOX8ADS8GGtuoKfnRJjJBaAxiUt7YbWnS7wt1cchu9NoB2JQ%3D%3D%7Ctkp%3ABk9SR7rhrdD_YQ,14.99,0.0,33,0days,EKG Diesel ,FALSE,,,,,,,,,,,,,,
B008Y9HW1O,cartie7395,https://www.amazon.com/dp/B008Y9HW1O,27.386823529411767,,4,3-5,https://www.ebay.com/itm/303096398002?hash=item4691f400b2:g:u0gAAOSwBRpciq-k&amdata=enc%3AAQAIAAAA8Fc2yki3DLFR2vh8k9qy%2F%2FNud667MCzhhDJxZ1HSfYhmUp%2FGBMLNb02edy9H6VLcOOjWmXDLIedI04%2BeQgYdCCezwndJlDKuP9I%2FmOg8a5LeEDOeAlDL%2FIP9gkrrUOREbwvo1x2suw5rtBbVM8%2FUDRSCf094lw1ok1QJGbWZboTi37u%2FemITeaejvJkbVAioNBP6O0cEUBUofFo9ZcnWoAGk5ANqTEIsQu6OTEfWP3hjIMYcasMnzJeTLBDyDz1Koc6U6suj1wjUCr90KJxxxWcGY00CgHIaBHldh7jlA0uJf6izvXJJlU1Ea53oXVyTrQ%3D%3D%7Ctkp%3ABk9SR6igjMj_YQ,14.61,0.0,1,5days,RADLEY GM WHOLESALE,FALSE,,,,,,,,,,,,,,
B008Y8TN3K,cartie7439,https://www.amazon.com/dp/B008Y8TN3K,20.19529411764706,,4,3-5,https://www.ebay.com/itm/224535890966?hash=item344761cc16:g:47QAAOSwLFFg8KnI&amdata=enc%3AAQAIAAAA0O7qK1FsifXU%2FCZb36sJ7fJMpTOgZl68pLNlxfJuB%2BBXHmkujFTd6AHM1P0Zx72XVi2nmBNGIxqNEZwfZoH0MgSL2yDB2VWK6QT1%2Fxr1WAQm6kcYE%2BzDzNYwpbclZtTMcz9JHfvRQhD8170xEKcFNlMXjRfK40Xwif4B7pqfosIsePbrQQduL9TeQ5aPL3syUiJQ1KLfyDVAdARhJpdt67%2FnJA1IHNVVBZie9kZKZEhfmugG3VR1%2BGh%2FhYzdVj5twEvQkxai%2BB2Vcb9iLS6%2Fxzo%3D%7Ctkp%3ABk9SR56qrNKDYg,8.95,0.0,10,0days,qpd316,FALSE,,,,,,,,,,,,,,
B008Y8WP26,cartie7489,https://www.amazon.com/dp/B008Y8WP26,26.916705882352943,,4,3-5,https://www.ebay.com/itm/325307668085?epid=658323963&hash=item4bbdd91675:g:COcAAOSwU9tiaFBm&amdata=enc%3AAQAIAAAA8L35GenHgCRWoA8l%2FvVSkXnRUUJePks6IUCp6uR1pktvpae%2Bkeit18qbyTF9wm%2BTmUkg2DHxFYBsGawLN7lp3G5Xj5NkI20CW0ESbbD2W4Pp1opNFMgpFooxwyU%2B6QQqNxJ2E9pCsMHkATBiKzQ3Q9WoFvDdor9blQ3mTQ1l4X5DOCmH4zpcj4dJhX9OWUB6UEfHv1X8rpuy7UoljgdT4Dw24W0DWXwJpXhWTIFj5BEvP7OFEUZ9wXrbDoJaKf2XoBIawNE9uJZU63haEDNbjsAsuGDHis3wQxuPgajXDpl4RRMiHQxLtZxAQaFD6BE3ew%3D%3D%7Ctkp%3ABk9SR_z4gcmDYg,8.59,5.65,3,0days,Modern Day Muscle,FALSE,,,,,,,,,,,,,,
B008Y96IC8,cartie7718,https://www.amazon.com/dp/B008Y96IC8,21.986823529411765,,4,3-5,https://www.ebay.com/itm/185303666208?epid=3017021592&hash=item2b24f58e20:g:N08AAOSw521iET7d&amdata=enc%3AAQAIAAAA8OQD9Kx1yv5lhh4RNGzqivYqxLvlFq1gbtY9dnmgSLwQNRQggDfg0Jyw8kLVFLHhZjetiQ12y3oGTSQuC%2B2NHj6Z6nSRADy5WTi6kZ9LMhu35TU0ZwRJu0XjH4ek7PC0p4z%2BvjlF7AeGfhd1VydoLDhWQ6wqTWCkGeYkyISNDWHXc27JK31HliFatdsTSre7KSv6oW4TDKeHjPI%2Fj7KW%2F2EFxJX7FgY46woipbaSCWc%2BqQp5WJOVuHT%2BuFqSQiuj7X%2FszeH3ij2lWBm4FYzkbxMgOELzvQGPugx9liI81osnwkRYUCb7tQayPgW3MCZpxw%3D%3D%7Ctkp%3ABk9SR4aqi5e2Yg,10.36,0.0,7,0days,NextGear Auto Parts | Cars - Trucks,FALSE,,,,,,,,,,,,,,
B000CSPFXM,cartie7736,https://www.amazon.com/dp/B000CSPFXM,16.40894117647059,,4,3-5,https://www.ebay.com/itm/185890396836?epid=112941416&hash=item2b47ee5aa4:g:qw4AAOSwgaFkW8T5&amdata=enc%3AAQAIAAAA4Oo%2BLBUFILigXknGLO7qylDFzJl1aU%2FDqvKFp79uzwTbjqDNv7xv8RUPfO23YzzPMJop1B7EfJefUGwwN%2B93GDjl8LmXxtWaU5%2BLmu1nb5fcN435jmYbiSChZCabvVjQSMqezZDkrd8JX6QiBMYpY50EEF%2F4Og1Ldawl8b3p5j11gyel%2B3VcW16YEZOgnCA2J2ssmkHg4ct%2FAmI6Pp619NqfqgqX2Gmkx0uXxTsDcKkMChucSSbeTxq1mAXnO7xhmRAi0NLTqtRLK2RqYgC7ySwCe871SSLsGbKKZC27Dqjw%7Ctkp%3ABk9SR7zN4ZW2Yg,5.97,0.0,22,0days,MegaDeals2022,FALSE,,,,,,,,,,,,,,
B001OKASMA,cartie7772,https://www.amazon.com/dp/B001OKASMA,0,,2,1-3,https://www.ebay.com/itm/195396230381?epid=81484835&hash=item2d7e85dced:g:-dMAAOSwyNNiq7iD&amdata=enc%3AAQAIAAAAwLJWMWZ63zqO8yYk8DajJq3mxV8wM6Q4DoFzaKxBCLSTD1iFZPP24wz1MNW4s7e5a1Y2oRaWOByQtxJqvnNb6lguFNGb8eZEDHLLm19bSCGDp9evnG%2FWkSGQ1qPXBs2O5tsOxph4oOM2fHMel9Ku2LZLZQqwdtdePBauRUgXU7Oz8sJBvhqpbSTiGKZCZhjKH614v64FGNNgXeZ9ZckCR2YQlgeXh%2ByUjwxQ7Y7XY%2BqlUC7w3JSCKMjeM%2BcanKDCVg%3D%3D%7Ctkp%3ABk9SR5qGtOe2Yg,,,,0days,,FALSE,,,,,,,,,,,,,,
B000PAM77E,cartie7773,https://www.amazon.com/dp/B000PAM77E,0,,4,3-5,https://www.ebay.com/itm/195396230967?epid=81521232&hash=item2d7e85df37:g:O4YAAOSwsbJipUD1&amdata=enc%3AAQAIAAAA4JuECUlihBWPeDkMYdcZO4vix3IrXptWzc3fhC3HrFmYDPehgbnKhtyGoCj1r1idhAbVDMeoaMPr7rWP1nG0xUqlVdV5xnFCg3chJSGgB22o%2Fza%2B%2BovUbC5g3RixyP%2FcsrV1MipTH%2FesgvQ5cbG3g%2BuUF04LMIVNns%2BY5VhVUfXqt8M%2BaSoDExtKhypkmeo33Djt81HoQD%2BIpBEc1A4YGeKc6w%2BH7QCwKMoHWv4xk4Xiq%2FdD8LjtZxfSO9WvlZT2wx596hSyh36LlshbHvNmF0K2YkpHavz5gMfRisJNSbtf%7Ctkp%3ABFBMkNjilLZi,0.0,0.0,0,0days,{out_of_stock},FALSE,,,,,,,,,,,,,,
B00541572G,cartie7776,https://www.amazon.com/dp/B00541572G,31.770352941176473,,4,3-5,https://www.ebay.com/itm/195507747640?hash=item2d852b7b38:g:2qUAAOSwLgFjkLay&amdata=enc%3AAQAIAAAA4PzFGHscvIkhA7hmUxkZBioDdm%2F24X53MNCKsatlTeXXFLRGA6pB8ucS0FnMUEVsn%2Bgc0UIA0bFJZVols267ye%2FBb7mPupGvW3eNhtTNf314q6tSYIvAL1jYzUppbFxr7osjWIqX5ibd6yTMJe94ttTZ01a4HXRaJk6xJwYRyqTZOIDvmvD44fUCnX7LNkJiky50KAkNbV6%2Fg%2FfVVfFKbNItrmfYQ8X1KwcVGK3RDeRz7UhhWB9P258DzVu%2BbYgnBjwTVCjH2Nak7EvjbDsg3juzYJguZoTTavkNAZuBqd9D%7Ctkp%3ABk9SR86srJm2Yg,18.06,0.0,11,5days,JB Tool Sales,FALSE,,,,,,,,,,,,,,
B000ET3WWU,cartie7790,https://www.amazon.com/dp/B000ET3WWU,17.361882352941176,,4,3-5,https://www.ebay.com/itm/284331216888?epid=81256353&hash=item4233760ff8:g:tV4AAOSwln1itAxF&amdata=enc%3AAQAIAAAA4LrJI17RhjQQvmIU3UTaSXtxjXKzpAjRM9i31dY9%2F9n2IiPgAAhoAD8j5tFefDVCD2%2F0rDybhZi%2BFx7YwfyUXyU%2Byc4qVVlfSUpIxaERSN0wg1g2Ah8PYUlXnlsGmElZLLonwdbUb9ZXQ%2B7%2FLTxC%2B9ByKJlann9J1uhl3qc3HTZhKXZ46G7MlBhpYhfH5zzozfh8TquBfwq%2BiJwpwglR1Bj7CD%2B5V8X2sHoIxJXFZnyYe8kkDZeuENP7KUwxaRNL85Q0lHiehbi4sb0BY8MK2J8jW21NiHvBe0LWp5CcmMjA%7Ctkp%3ABk9SR8KCzbHfYg,6.72,0.0,7,0days,auto-parts-2-u,FALSE,,,,,,,,,,,,,,
B000EPYWDC,cartie7833,https://www.amazon.com/dp/B000EPYWDC,0,,2,1-3,https://www.ebay.com/itm/204111040952?epid=81055953&hash=item2f85f751b8:g:J1oAAOSw2E9iqZF4&amdata=enc%3AAQAIAAAA4Idar%2Bf4hm0SweTEsgMITLwyiZ2SBFVaEDPr3bM2WK2Zdoj0bo2p%2F5UdxnLfsrpGBONvBfS1JUAutpVpvveqQ8ZvZ1C%2BQg8NAx5Khk%2BZNuZ%2B4hJxYjO7KftiENHeHfsZVLnSSylNZS4fWSM75SZf6Y42hUKF%2BqXxtfRknD1NWbI3pTAf29bbKr9JqbzrjXtCi0gUWz6u6xaJFp7ezU1PcCNzO6Lxew4nNL1crABvNDPxeEkAo5zvj%2BXpszrS34K8VUiPOfPL1smtmuueEVSwKh2YeF4crtN3E8EZWg%2Fx3t5u%7Ctkp%3ABk9SR6afpuO2Yg,,,,0days,,FALSE,,,,,,,,,,,,,,
B000ET5S9U,cartie7837,https://www.amazon.com/dp/B000ET5S9U,0,,2,1-3,https://www.ebay.com/itm/204269831151?epid=81353642&hash=item2f8f6e43ef:g:UUMAAOSwGCBiv9uE&amdata=enc%3AAQAIAAAA4ID2W75GrL4Gt8Ihane4Hw1rE6bxj%2F8ufQkIJFU%2FN%2FjayP6aBQ7zf6JLHXPR4XxtrVRxUb%2FOlN7BKo93XoT%2FCcYgR4%2FXyqPfyJEcAr0DnbQrpwUk%2F%2BLGCtiGvNer%2BvP2EoambvyH5Buy1sISygXt903No1y0PrxqxB76sdfi3c4hTrnw%2B3%2BS2wpxx5aS2GTomaD7nFLjMvcmoRZzUj15Ti%2BhBVvLDbrtwjNNxmSKGfsBEJHVeFAfGCuE5B%2Bz3e1MUaA2DrYBuGP8oY%2FFJVv2NuvRhnQyeOOpyMJfjeWaoWI6%7Ctkp%3ABk9SR8KSoOm2Yg,,,,0days,,FALSE,,,,,,,,,,,,,,
B078KQ4KM9,cartie7868,https://www.amazon.com/dp/B078KQ4KM9,25.493647058823534,,4,3-5,https://www.ebay.com/itm/403920946389?hash=item5e0b9084d5:g:YTkAAOSwsv9lQ3wk&amdata=enc%3AAQAIAAAA4PZsNN2hXpeaMHZlVQCToGsJRT0tlSDiDgDPPKUXRuZC72KnkG%2FCuHxfLI8diekwnWPaK%2BFH5tL585JKXqInSt46ZHizydgTKO6j1KpBL9psa0%2F990nhrsSlzUyLPmE%2BBy22qd9ZuS%2BTfmFFiUZJPZsnQlMTVDgkXDfBFNo7UqchNJVhRi%2FbEO6Gg4YJhKf2VQhazmfaJt8MZ0dNOSr1rrevL1fKwPVqQgADefqaBFzpYzXgOzMW%2FB3Irw5KfNZe%2BdazvCufFSv5Isx%2FwGpuSugMH3iYsnkiriIS%2BfXs4KqI%7Ctkp%3ABk9SR5jz1qHyYg,13.12,0.0,25,5days,PartsHawk,FALSE,,,,,,,,,,,,,,
B00HFLHKY6,cartie8080,https://www.amazon.com/dp/B00HFLHKY6,19.992,,4,3-5,https://www.ebay.com/itm/314354958066?epid=175134003&hash=item493103fef2:g:l10AAOSwo6xiqVRc&amdata=enc%3AAQAIAAAAwEqBGmOsxOUQC3IdrHGjVsMPsuHYSOqFu2SNum8phFpc5td788iWSRucf6GgmdqSATbbNpOuo4hzErkWRP819QU0aTgEiI2Gido2IW5sKv3FVtInCTUkGEpY0fcUrlygeU3EeEnSAgjvpDsP6EMsHGd5s8g%2BqQ1QfkRr8lvw5ML73W3QeRLR1mjcMOHSoHpjBrMrjWSiDeW2xfXFwJv8hP6ec2ZQc1rqCcKmK9t9DtgYPvmTEyeo6Qic%2BkAdEr%2FlSw%3D%3D%7Ctkp%3ABk9SR4bo4Na2Yg,8.79,0.0,1,5days,Jox Auto,FALSE,,,,,,,,,,,,,,
B000C1WDE8,cartie8124,https://www.amazon.com/dp/B000C1WDE8,20.06823529411765,,4,3-5,https://www.ebay.com/itm/324077291252?epid=115192768&hash=item4b748306f4:g:KWoAAOSw6XBisboY&amdata=enc%3AAQAIAAAA4FDzxCeY5ulVekctVRpFsiUPMlC3uZQmfZae51f8LmZF%2Bh%2FHDmF2eSmSZ7Tz55Z%2BIj8lqbcdDyk6bfKOrkxP%2FgDS3SDqPXKm9bx3YxQcgWuLop00ESXHv6m1tjbpz%2BjlPNFzdoYXFFUh3lmFK9tiitoMkD7Wh8bFxW1kUkUAz5G12rqxUb0UIrlrzCcbkbHhL4A5gUr8JQ2%2Bv04hbkTnoo%2BMtK9XLR3b%2BHeJOT9B2usN%2FdJJOgKhzOcbJvubaNnu8KxtMVFW0tfOeyif%2FNzmvSFLeSxfG6AEdMUxpNTHVH8G%7Ctkp%3ABk9SR7iXjOm2Yg,8.85,0.0,8,5days,automotiveindustrieswarehouse,FALSE,,,,,,,,,,,,,,
B000CSNMW8,cartie8139,https://www.amazon.com/dp/B000CSNMW8,17.37458823529412,,4,3-5,https://www.ebay.com/itm/325368110100?epid=193490662&hash=item4bc1735c14:g:QHsAAOSwtNlckuOl&amdata=enc%3AAQAIAAAA4Crs6KgLDap6%2BegbnwREl0UGOU3aRf0YPHXgN27YkznSXMH6aaFcBm3osKB6DTkAui0VjcUzC5eUHlE1Q9Iybq0NYrzdpKpRZETIZ9hTs9LbtikYCvF4nF7WEXi62nCn5rhbYRN6SBKE7D72p1MlmieMoMQvanWYvddirwPa%2FX5UDBnlxLLwhX0ZbWYkIxynlfq6187XBPNMxwFRuyz5o7Mriw3jrCQXRuPeB7rgWluKWS9Pn36MP4TmMLqhk4CBTlWYnC%2FqTfeUXnSKxyhI0EjgYHIEg4izeHakK8mLdCR5%7Ctkp%3ABk9SR9qQ6-K2Yg,6.73,0.0,11,5days,Jox Auto,FALSE,,,,,,,,,,,,,,
B000CIJNCG,cartie8142,https://www.amazon.com/dp/B000CIJNCG,0,,2,1-3,https://www.ebay.com/itm/325369789160?epid=81190082&hash=item4bc18cfae8:g:~AsAAOSwsalir9qP&amdata=enc%3AAQAIAAAA4JGhS3Au84%2B0%2FlEIG5irgfFyk8%2FeVlzF1St5aULbJUDSeT5V%2BahKPtfJ5qQHhsigDGKbu1mEp5%2Ftt5pVFgctyhuV3fHseik2zwTWh%2B%2BXnUEYY%2BQB8MHgGhtZE5KN0O3Tf9%2F8tSyPpN8ix3VfUyu8jdk1CMFWHDldrZ0xDaJVhbzFMlojZDLNcniRPUNNLi11ARYxiCMHVee5VPXHuvtep8R8wlrm8fyCRwd9lebGaLefIR8En6K3B%2BOlcFIzqAv0uhAvx4d8jcLm5z5wojPii9JG6sNbBxZ5EVWOlk%2FiXflQ%7Ctkp%3ABk9SR_inxOG2Yg,,,,0days,,FALSE,,,,,,,,,,,,,,
B000ET0SIG,cartie8143,https://www.amazon.com/dp/B000ET0SIG,0,,2,1-3,https://www.ebay.com/itm/325369789170?epid=81340153&hash=item4bc18cfaf2:g:a4UAAOSwiEpiw5dG&amdata=enc%3AAQAIAAAAwKssNdUr0QObhrird1q7Cgse91yEIFA6KjmYyU%2B7wgF0Bqca9up4JaSCw%2FHUki%2BFU8rN5USfzoByTa8Q%2F27YiSrpewNayWvrsskYc9tY75zZwP%2BnfyOf4s9ZHJNIngHomvXtct5rzkl7Mwgh%2Bz4hp9eZfGT8gqBzPBvaFrKZmMXeiGAtCzQl02aR1GLn%2FD1g5NAq%2BC7M38cJBqOXIY%2BF1huRz9IaVnUl8oJ%2BHzxLk7VVHMRk3UaJ4MOoI3mewGjGcA%3D%3D%7Ctkp%3ABk9SR8Kayeq2Yg,,,,0days,,FALSE,,,,,,,,,,,,,,
B000CIJNBM,cartie8144,https://www.amazon.com/dp/B000CIJNBM,0,,2,1-3,https://www.ebay.com/itm/325369789175?epid=115114326&hash=item4bc18cfaf7:g:K58AAOSwVd9ir9tv&amdata=enc%3AAQAIAAAA4F94HBe0bTM9Vsdhkx83aCE2H8RvLN2e6PftbeA6pbBdOPoOO5qpxU0Asb350%2BEvTe0NT5GLpRBBeI5cEfFNJSqW0mAPv1umquim2uAWB4s8R%2FXvFJmk1dy0ABaktExjeQP9i%2BqLgfYFdFrouQe8sM7SpiHabVScQ2GlWCuJwLJYQoTPDswPI8Uz1z4CfT%2BYnq%2FdPybGLLCGdlDcNm1IBxoDHOxwx7vK2js95iknPqGO9hKrhaLQv5Wil0ZvsPFB2n8vtGAVdf4eyJfivD6EHj04lrGLxmN6a3bat7Gb%2BkCF%7Ctkp%3ABk9SR_bQhNy2Yg,,,,0days,,FALSE,,,,,,,,,,,,,,
B000CIJN80,cartie8154,https://www.amazon.com/dp/B000CIJN80,0,,4,3-5,https://www.ebay.com/itm/325590710135?epid=112808690&hash=item4bceb7f777:g:pX8AAOSw3Ctioxuw&amdata=enc%3AAQAIAAAA4BfxmOcSujlbdEVo07AVmot2qGcZn4mIelkKsXNph8mvwjHTBfZa%2FYsGUYIhBSuNUA8fMzsLa1jA5Y5nI8Al6X3es%2F8FWtLjqEqY4oKrLAY%2FOZ6XQVg4K%2FTYnLHRZK%2F36A8T9%2BUbZ3cYh8C0xbIop9IYevDwSW7sf8qBTDM8evJoFUfIl%2Fxd8RcbOBa52zirsn7e24WuwReKtCKCn3tt%2Brkb3Xl01SwI78vYWdpJUV%2FG%2Bup7tpjn%2Bm98fLvN58XSqKAlDVA8ca9uGEyqZHqVmnwBsR%2F8eX%2Fb9HPrH8yod9Qy%7Ctkp%3ABk9SR56ImNa2Yg,0.0,0.0,0,0days,{out_of_stock},FALSE,,,,,,,,,,,,,,
B000C23CE2,cartie8201,https://www.amazon.com/dp/B000C23CE2,14.630117647058825,,4,3-5,https://www.ebay.com/itm/353430437927?epid=81824047&hash=item524a188027:g:SIAAAOSwAVBitHWF&amdata=enc%3AAQAIAAAA4HGvhX9%2BeT%2FwKUyzMULYZ7z2c%2FyBQuzN5u52chs6ASLpIUM10bVAdwaX01pnBuHwtFWISsQihrfO%2BDg4vgfxRp3bf1RH0UpljXQ%2BtFoFtnmwI0l2BREUQTOLRz3cJ5BuaYzsXTDYeq0kP1WRleSbEt7UuRVvEZCgYr9JjLEC0kqsk8misfMX5GmGWe1IWeq1ATqGr2zvjEOqRDgPc2Z5ZvSyDEfR2%2Bv6F16IM20y%2BOqQAlyApOxjHYTyAvI2QejDTVDXO%2Bub7j%2FUihs8hhBbCVqaj87QFy%2F9%2BRBAiT4eA5PB%7Ctkp%3ABk9SR_S_keq2Yg,4.57,0.0,12,5days,RODRIGUEZ AUTO PART,FALSE,,,,,,,,,,,,,,
B07FWFS3ZL,cartie8239,https://www.amazon.com/dp/B07FWFS3ZL,30.56329411764706,,4,3-5,https://www.ebay.com/itm/363489755808?hash=item54a1ad82a0:g:LG4AAOSwMiVhB2Ry&amdata=enc%3AAQAIAAAA4B1kjnlyjt0uCLyjaX9eDhuneQcgfAtjcu4v54jKFdpZWBdmAbGgcXm79R9qOT6y%2FRk9mGgnn17y%2FcLK4XfQzZS3PGOigIZGiyE16PDOsGwM6Ih7x93PeahU9%2BcpFI4xJA%2BoEHR8WJAGf6AihlikFAD4voW16nxxKUV%2Bus7iOZSigXVmijmiVjfO2DIExjPsoqHYEicSgYzdg0Ac9VdEbRkCW6rUuKHUe%2FTMYy8M9jwifR5WBKsW%2BbNWcpUnaXOzBSaxfls6ekmuYSvW19McUa%2F2zQNV1ieTqQ2EBNNOBRWA%7Ctkp%3ABk9SR_Cp5dCxYg,17.11,0.0,2,5days,Equipatron,FALSE,,,,,,,,,,,,,,
B000CBQ5YM,cartie8242,https://www.amazon.com/dp/B000CBQ5YM,0,,4,3-5,https://www.ebay.com/itm/314437176563?epid=115084294&hash=item4935ea8cf3:g:~goAAOSw~VBiph9Y&amdata=enc%3AAQAIAAAA4HDMADH6YHtxChEiOYo0BjIF4OzDGeFyYHmgr0mYctyZI29p0M2sF3OByp86wPt79554iedt3VBIqDrwqUa6Itb%2F6vL%2BxCOx1qY9yw3D27DOAHU98Qlads3PhBIYmOttwg55kxx4%2B3i6GqFPV%2FVmqqwgDuGHkfJ%2FY%2BcxykvhW7iKPSPbGYOZiNeDe0izVewTtursIFpKT6kfa%2Bv8C7kGWuA5ljUNi0Eem3B740jBEj%2F1WMaWg0IKCyZVRMMAD5ZmLp2hHBj6Y4eNliy1VxSax14AV9EOrQeQ4iJBHhv8QdGB%7Ctkp%3ABk9SR4yzjIXQYg,0.0,0.0,0,0days,{out_of_stock},FALSE,,,,,,,,,,,,,,
B000C1ZJCG,cartie8243,https://www.amazon.com/dp/B000C1ZJCG,0,,4,3-5,https://www.ebay.com/itm/363785033717?epid=81611676&hash=item54b34717f5:g:umUAAOSwmRtisiHr&amdata=enc%3AAQAIAAAAwH6MDKZ2o6jf7rRQvO7ttt7iMkQurNJV9Swk7%2FvuiE5smkOf9v6DLJH2lMJDor4LHEbNzth4MTAdz4LCO6VLJuiBc%2B3GAvree2zfYu8b%2BeopQVryrVBMqXO6DooUdPUh6Iz%2FL83wBfMJQiEbEXdHOuKqu0hm050oZS2z0MLSWZ33e0pYxhtl%2BJ6QGEG2udBcAjgias8j7OQd3Eav2dwwgV5QSOcw5fmCzQ0Th3QMCbpqxiQdA5N8naPeyXzR4Qh%2FhQ%3D%3D%7Ctkp%3ABk9SR6DJx9u2Yg,0.0,0.0,0,7days,{out_of_stock},FALSE,,,,,,,,,,,,,,
B000C1ZJC6,cartie8244,https://www.amazon.com/dp/B000C1ZJC6,25.25223529411765,,4,3-5,https://www.ebay.com/itm/363785033726?epid=81519711&hash=item54b34717fe:g:g3YAAOSw4rNisVjx&amdata=enc%3AAQAIAAAA4K%2F8cAn0VeCFDDCS1LTHDdRoOgf4iJKvYo4SbSYUifRQaOCndcNBAdqrRmXx8fVWRs%2BKlJvK9sOZ%2FFo1c%2B%2BA97rD3ECnd5ssuQUPiTeiWb1l%2BKGPuAoKbi5K3t6%2FhlEgzfax%2FGfo6wrhCxpPX%2B%2BTkhxWFuXzAfnyTbrYM9UkLrIdROc4VV7c%2BRhuYJi3Gj1vEmo6Qv1tRGkWlkdCHpqpcFtMLgfC4LNiu%2FZLFI1q7h7JeGgyRvEe7J%2F7LhMJ0suetH%2FKb5Uc%2F9qRmgVKsDqoILv7XD3DUqU%2B6%2BA2zuxT8fyq%7Ctkp%3ABk9SR7zsu9u2Yg,12.93,0.0,11,7days,Reliable AutoParts,FALSE,,,,,,,,,,,,,,
B000UOHPJK,cartie8245,https://www.amazon.com/dp/B000UOHPJK,25.25223529411765,,4,3-5,https://www.ebay.com/itm/363785033727?epid=99088809&hash=item54b34717ff:g:37cAAOSw85RitJjZ&amdata=enc%3AAQAIAAAAwN7cpGp0UwMOUNiOG%2BwY3SfE1FCi2QzROH%2FrGFy0Ju%2BW67EY%2Fabh1%2F0tRTUOBBT5Gp7Lu64TM%2Bk%2FDI9kpcadChwzwfPGo0uCgF9sUG3czXqR2qTlkUs0I2ayHc6Cq4kt9y7runHu3hK0ZNrLT8tYCJBOK2MtzstjHu5MAVIYYJH2PyTbgtFeZ4W7mrFHGaHPV%2BLnfyMJ8E5YGZxn4JRiTk5Na4fZipb1AKzcSihcHEoAtC3LY3clc6KMeAHZF6mClA%3D%3D%7Ctkp%3ABk9SR4bOhei2Yg,12.93,0.0,11,5days,Reliable AutoParts,FALSE,,,,,,,,,,,,,,
B01G41GDM2,cartie8291,https://www.amazon.com/dp/B01G41GDM2,21.46588235294118,,4,3-5,https://www.ebay.com/itm/394158631307?hash=item5bc5af698b:g:BQQAAOSw-IJizEjO&amdata=enc%3AAQAIAAAA8A%2FTjXon2BE0jt%2FIHwLmy3aLZhEY0iDaaviLwGiuDTMsuhZaCE3F%2FfDEck2QivMk97NAkgR63c1v5zCB24xDgq3qtb72L7sWmCpoeAN448kJiVYjPi3NWaTBqiwmtcwwZlGJoEFxUyzQ9qJ8MuETbExMbcoERg4WOcZP14Riq6JsGL9gv4KzMrkrQ2eiDGxYAbUAm%2BEX6AlPiBor7sQzpCeudgBLXbIAtjt1rmlLkEy6wh4azv85eUH8wKEVYDxwbYEYdJfOQJxQWDi5HqEBD67Lpxj4v1XXW6NPG0l3AW7Fzdcm3nm86NdkU1WHlHAJ8g%3D%3D%7Ctkp%3ABk9SR7z7u9G3Yg,9.95,0.0,6,5days,Aurum Auto,FALSE,,,,,,,,,,,,,,
B00CWOX6VW,cartie8371,https://www.amazon.com/dp/B00CWOX6VW,26.54823529411765,,4,3-5,https://www.ebay.com/itm/191837087698?hash=item2caa61a7d2:g:8wQAAOSwo8hToNuj&amdata=enc%3AAQAIAAAA4M4MEgTF5ZagBjK6EbU7LiKLPjclC%2FRlfR7%2Fq3vsBS59GaST4%2By8ODLLQ13bepkYjRVFSWBngKankftoH2UrFrn3eTZXhYD%2Fpe%2FrBYy8M76Ntf4xy6K8GS%2Fh4ftU%2BQytKmn7DuitnQQyw4HYIanP9HvqKmpMNNC0%2BgEK%2BRaUbfigDWCn4Bu8iouFV0DyamS%2Fj12oXq09iBt7euoeL5vPd7uxAE6SXk0KLpGlxBLM3P0C1ODTkz0Y6D4oeYK92Ih9oECdfcZ68XaDRGij1PBDdY2SVRLa0gEXG2aXxTo6DMk7%7Ctkp%3ABFBMwKySkrli,13.95,0.0,9,0days,TIRE GEEK,FALSE,,,,,,,,,,,,,,
B008Y8SIO0,cartie8401,https://www.amazon.com/dp/B008Y8SIO0,27.818823529411766,,4,3-5,https://www.ebay.com/itm/232891236124?epid=659123742&hash=item3639663f1c:g:1ukAAOSw-8pbdJXt&amdata=enc%3AAQAIAAAA0H4av3ltZCoIB0fXV5ojV%2FKH5MlUOI%2Fjk1oS9R1mRvTmrTS55epR%2FaN1vHUScpifkuxxo8vvbcnBD%2B0nblHZcznApReNBZJ2yLBb3zd7CnDvjAucmF%2FVWp3drpH2A1s9vcblMlG%2BeUg0HXhyFbjQjYFqTn7%2FZrHj1g4UrqlCjOeBFzDgMoSrZHAIIp%2B8bdXCJejGneRKBtzVhgMYmBcpAmBtcnxYJdbPeyf6GLj9dzoibqqBN6aBpRLxxp1tOSkOaAHeAhQGOt0TWEznaDNdqeU%3D%7Ctkp%3ABk9SR-bqn_i5Yg,14.95,0.0,25,5days,Factory OEM Parts LLC,FALSE,,,,,,,,,,,,,,
B00M38TR74,cartie8588,https://www.amazon.com/dp/B00M38TR74,0,,4,3-5,https://www.ebay.com/itm/293008786206?epid=657917665&hash=item4438af431e:g:JGcAAOSwlJdci~wz&amdata=enc%3AAQAIAAAA8PMfxxejzmANbMyTir1QNdcYw4bJqaktHez4EXrgn6ALiC5zUGp%2B1Lxft4WUPiMBlOg36LVa0kLUnNtGk5GdgtVJmV4W%2BiFxsW7IxYe4y008gafhcpdHIFdD5EV4FzACUHfIi8Fk58XAOHrFhyPQMY2w6GticIdFsIujvm%2BT%2BlyLkOzpveRi%2F9U6VOAEsT35beriIw%2FSgkbXYUqzHfUYqQOqmXAyo%2Bw%2BQ0QJpC1oMKwtchriQqoShegnm5MCFaCbnxSIw8vw12IGNIxwrFRxX90ns9SZ%2F9zcMoLu1zsnyAXu%2BgabZvBBo3%2Fqhd7pV0Z%2BtA%3D%3D%7Ctkp%3ABk9SR4iw5cG6Yg,0.0,0.0,0,0days,{out_of_stock},FALSE,,,,,,,,,,,,,,
B01A6DH7GK,cartie8662,https://www.amazon.com/dp/B01A6DH7GK,24.350117647058827,,4,3-5,https://www.ebay.com/itm/331446590922?hash=item4d2bc19dca:g:-ioAAOSwgkRVUSFN&amdata=enc%3AAQAIAAAA0FMy9UJbz1ry%2BTqkUXds3r%2F6i%2FyEIHeOg5wRuAoukoPdbIut7afVq%2FF5xeu3W%2FM8bKBHMffwPFO8v0m5qPCC2%2FhgfYkg%2B4TKeoaF09mmai0ug0EGfPi8uzf6vXndANnt9WDLChL6Qy7HWErsVa99UttlqFWcLqadfKSVSsOztyzbHnDRnqkwhFrlmYDljLMcFiyJgTNRjWQ8LepJH3mznuWMsN6SDVENBYsRe7Qhr9DXRqrj56D0jRpUwCYLtIGVqNt1KdHRVyW16Dc%2FhgRbNVo%3D%7Ctkp%3ABk9SR-yxkPq5Yg,12.22,0.0,9,8days,CNS Motors,FALSE,,,,,,,,,,,,,,
B007FNADBQ,cartie8787,https://www.amazon.com/dp/B007FNADBQ,27.818823529411766,,4,3-5,https://www.ebay.com/itm/115526803592?hash=item1ae5ef2088:g:mmgAAOSwbDBjIMms&amdata=enc%3AAQAIAAAA0AEUYV16HkTjDLiMprpPOUI6cBhc89hqTCK7hUz6f%2FIonRQ1GA41Hk%2BBHPC%2BUhrHEyO%2BqTcjAHXA24%2BVdWbXrECAY91qwfUVc21Sd5Mn5U0K8xAaExMcjDSqv8pwGd7XdDUYPhi2dMNu%2BYGPaejLqHgzjfU5HJwlsbrqaarlwJ7ONXqZ%2BM4v6%2BHOAcJRKxE5ythcRO0DUqbE7ZbNe6SmrlwO4h7sue%2FE%2BcbxMRcRw5TChAvXk43lNZv0vB%2F0T3i8vqNKHa2DW0tvMCkDJMxDN%2B4%3D%7Ctkp%3ABk9SR46f5enFYg,14.95,0.0,26,0days,RACI Auto-Parts,FALSE,,,,,,,,,,,,,,
B001DRHMPK,cartie8788,https://www.amazon.com/dp/B001DRHMPK,27.818823529411766,,4,3-5,https://www.ebay.com/itm/115526803592?hash=item1ae5ef2088:g:mmgAAOSwbDBjIMms&amdata=enc%3AAQAIAAAA8J%2Fln1Yi6DIRsBC24fDxJjEjV%2FU%2B%2BhGjIgLqtF6bbmhSAlBCWLlPFptGqj68T8E9eLU%2BM2adXi4NOo9QjE%2FFrcVKtgoTPOdjEYNk0Xz1vHLXGYMWZrJAlaEBZyH8N6jwjkc9nqOCdn7Anos0x%2FjCjybjz%2FE0kUntlSThpj9aPIbNyZp6OUoJPOyCwBO23Oq%2BJafr0oxtDZkKmYLdeAJRc1xtDvVz%2BqDhmF6HVC7DDgmYaLI686fXRn7KVZW8N0hoNPjCsdA4jBS%2FMO4fX5Zk%2BAjzHEELAHWIZY2vXbkrKHE1kDQEtom6YnYaudpPLs%2BJGQ%3D%3D%7Ctkp%3ABk9SR-SgiJzFYg,14.95,0.0,26,7days,RACI Auto-Parts,FALSE,,,,,,,,,,,,,,
B07P9DZS9K,cartie8807,https://www.amazon.com/dp/B07P9DZS9K,15.183529411764708,,2,1-3,https://www.ebay.com/itm/125644917447?epid=252453985&hash=item1d41054ac7:g:9ksAAOSwd2Bjiq3E&amdata=enc%3AAQAIAAAA0KFwDPjP6w1zdQxnZxOpRiMsKNtLhQ9U5lYihHvtfgDTmDhwAApJ4Y%2ByONy1hIu5%2BAftnK%2FUNvXBRaxIeQdtVp%2BuVDtfp9D%2FlQm1o7L8zCwL4N8vuCoP%2FxOM%2FEyH9vluevU0rOzPQT37POwRNvk0tROGZLCsJ2KCQ2qJH%2FRaoWQ%2BwlAEV9ehU50DumQ5JG8GGiPJ3SNTuDUDKFTFgEP0jdCb6Fq3G%2BO2E4n%2BSHgPk1ljKqgpMKD1xAmyOmFw1mIcCBE%2FL93ABmKRs0fhV3u5WtE%3D%7Ctkp%3ABk9SR6iB95vFYg,11.95,0.0,8,5days,eeuroparts,FALSE,,,,,,,,,,,,,,
B0025272PW,cartie8808,https://www.amazon.com/dp/B0025272PW,13.341176470588236,,2,1-3,https://www.ebay.com/itm/125644917715?epid=1334554965&hash=item1d41054bd3:g:7zYAAOSwuDBjiq3T&amdata=enc%3AAQAIAAAA0OVVirnfaBFA24YsfMbtXi3E5v3V2UI8FEyr6hhjNM2Qr2lQO4rObf1MKvFfBtH7L31HNvRNye1%2BRG5A8d%2FvwZJrJKSOv4j7FTZI4QHDL20GlbwnR4zbl4NONtg6AWgHfW3Zv85CvkhnoQQNcxxXSChKjrESxh7y8AE7H0rG83IkJnPyEoRNbrPwCAnqeBiq2DDtBmDgfWFqL2VS3jFPcqfiSLY2i2X%2BRK9VGimo0eNAKxKwOqaICIW0hYMIKsXfRBXSTF15S5EEQMZN3R9wLl8%3D%7Ctkp%3ABk9SR97Ih53FYg,10.5,0.0,8,5days,eeuroparts,FALSE,,,,,,,,,,,,,,
B00DQEB380,cartie8809,https://www.amazon.com/dp/B00DQEB380,15.183529411764708,,2,1-3,https://www.ebay.com/itm/125644919314?epid=173870262&hash=item1d41055212:g:-hIAAOSwpgdjiq44&amdata=enc%3AAQAIAAAA4GKbOObcxrOdoOSG416zBiNbpI4JWxE97fKZKJi6wqEPCtmHXFx2xLL2B69sLJqvjX8VI%2BBsB1cwpVv8SekRBmNk2T4HQIvjN2V717cDDnarNFXFFKF0UtomPZ3mpB01w8h1%2FN7tVpEZScPO%2BWn0kAu82P3DTzjbLLeocym4WuWe5njiB6WjAQPIyW0xqFMIgnIL2CDzoqLCermomvgxRd8DIa7E%2BBv0mN7H1BlsXblmKvYndGxRYiuB5b88RElc78oX7Gz9peoKscloWMgIHdtZ4FccXYD8Jzsfy%2FwdQgm8%7Ctkp%3ABk9SR7Kzz53FYg,11.95,0.0,8,0days,eeuroparts,FALSE,,,,,,,,,,,,,,
B00IKAJOQI,cartie8810,https://www.amazon.com/dp/B00IKAJOQI,31.21129411764706,,4,3-5,https://www.ebay.com/itm/125795368796?epid=1224829827&hash=item1d49fcff5c:g:HLoAAOSwLApdp4HD&amdata=enc%3AAQAIAAAAwJD40ocTfLpRDyyaChcb1YcOA8DHzsaLBrQNEtk9JNv2a4R%2BdBAIHZ3uC7lj70dcmr%2FCwRai1Eq7FhhMdBQGG9JkLh%2FWxM%2BsKo6lp4c1Uk93nsDcbB9PvdwGowghbD7la5JKfCA8BXZ2ckE4nS0gtHQxhL3WzqmeuSiDHQcjQgk8YO5yXdg6bMxuqCL3ehJyYFhNa5iAAIdnoa15WRt5GoyEnmkGIzA8Y55yot2xO1nx%2FmsoBvC5qTBUXSEDG4FuQg%3D%3D%7Ctkp%3ABk9SR-64hL7HYg,12.99,4.63,4,5days,"jdmengineeringtech""},""clientPresentationMetadata"":{""cta"":""SELLER_ITEMS",FALSE,,,,,,,,,,,,,,
B079C1N9DX,cartie8830,https://www.amazon.com/dp/B079C1N9DX,16.454117647058826,,2,1-3,https://www.ebay.com/itm/134350668206?epid=243729850&hash=item1f47ec81ae:g:lX4AAOSwuk9jirAU&amdata=enc%3AAQAIAAAA8CITwtGMekKpiwvTvkro9N5yv8X6L4X3GW9kUdU57X%2BdJnPxSBrkJnOTQ23vVN2ulBMhyKH%2BdYYHdFqZA2c4lOFnagLRxzXY1xP7GzHALoMFGial3JQutqnNaQbGtQQoiGDkq3CXqEs8KD%2BL55gHwbp21O6zPOMbhZD35Avxz67EmD4ZIPONGfYxlA4iJMohsdH%2BdWD1056V9d%2FKWKIw2mUaPfY5mr4g2kmO1KySGiOv%2BnFnlqTO%2FtK98nwPhAnDyC5oPXbH3In7uy5vXHn89tEEVCbQ%2BX7EG%2BP24GeoFTIU6Ip2N8Q%2Bq4nNcx2PjEo%2Flg%3D%3D%7Ctkp%3ABk9SR6bBp-fFYg,12.95,0.0,8,0days,eeuroparts,FALSE,,,,,,,,,,,,,,
B00DYVW1LS,cartie8831,https://www.amazon.com/dp/B00DYVW1LS,22.807058823529413,,2,1-3,https://www.ebay.com/itm/134350682102?epid=192050445&hash=item1f47ecb7f6:g:UYkAAOSwO89jirGG&amdata=enc%3AAQAIAAAA8HO4aEwm0Z5SH%2FtWfsS9jizlfd61CqVTiV37egczS41z79R%2B7fX5FC8sxYE4ZdF1nq7AnJJcVALhGxtg0GY1J0j7bDSnB8Y0l%2FyJqtOhlAcbTbUpoTUzzfF1FL%2BJ7mqA04uFwNMLiTh5gtEqi%2BzgxvTli0Iu51xKpFWtnMDiJpKRC2Vnc5YJaUkFKULXvCNrFPrnWqEm4IdxeTdUWPd%2Byynf3dR8LISdDqVvHlULTVG7jiPKtIhpT2Waci5GsPVjWRdmeUFSmzb2eAKIkVWakl8Fb6uGiHD3MRvxdenuhCbFE4wxGM8wwp%2BZ2xs2S64XXA%3D%3D%7Ctkp%3ABk9SR4TBlJ3FYg,17.95,0.0,8,5days,eeuroparts,FALSE,,,,,,,,,,,,,,
B00755KQLG,cartie8856,https://www.amazon.com/dp/B00755KQLG,30.398117647058825,,4,3-5,https://www.ebay.com/itm/144378057957?epid=1311811440&hash=item219d9a54e5:g:atgAAOSwatJiKLyH&amdata=enc%3AAQAIAAAAwKDfrMKNRyyzmtUC4ftFadAYQK7J%2F5qzizSmmw6lVrbP2pHaJAHKHflFxZEojC5Iqs%2Bn36ZGwwnRyyj3re3%2FFIAzW8bF04qrv9YA4oZjXiyh7vQTL32mlC0MOho6uVww8Ers9al1lW0KoOSFQgo%2BVDBnc3IMRrn5gSLTQARrE4HdJL6f5hp09C2KE7UdY0DUy%2FWzcPzq8z39Ag4QzIs8L0QIPbvSjdLZl7CcqxvtN%2BX%2BtFL3%2FENVV9sJD9cTDR6QqQ%3D%3D%7Ctkp%3ABk9SR8CmqLrGYg,16.98,0.0,15,5days,Racer&#39;s Speed Shop,FALSE,,,,,,,,,,,,,,
B000CB3ZC2,cartie8865,https://www.amazon.com/dp/B000CB3ZC2,19.94117647058824,,4,3-5,https://www.ebay.com/itm/144795180137?epid=74439279&hash=item21b6771c69:g:FbQAAOSwWCRiq7RL&amdata=enc%3AAQAIAAAA0DO%2FKiH6rdKQgPJn7FiB9myWPDa7Ya1QxzBqP42JgchKkeUTfUDRup3lCKVcPa8MK%2FgD5xmVXREnP5eeSWPpu46Rnt8zKsTP6Rt7NJMcgyDvmgcLjCj8p0aTNvs3Gix1%2FARI5yJ9fH9rX4Z10XIYAG3OEeNsS3CjUIem18m%2BeUU5Rjb7QF6NfLB5DrhEDGiRATGXd6WOqG5aK%2FW7cD89g%2FOCcEp76xLSG0oKCpZmG80QY5C0mvJ0oi09u%2Fh7PJfaUEAHdMTDLvyEZ0aVk7KW02s%3D%7Ctkp%3ABk9SR_D92bjFYg,8.75,0.0,12,0days,MEI-Auto-Parts,FALSE,,,,,,,,,,,,,,
B000CB94AO,cartie8867,https://www.amazon.com/dp/B000CB94AO,20.258823529411764,,4,3-5,https://www.ebay.com/itm/144795180178?epid=75067157&hash=item21b6771c92:g:UBIAAOSwDvxio0zM&amdata=enc%3AAQAIAAAA4LrM6aERl1Og0TB3mfQL3vFKJlLQirbaz9WnHhNI3B16OpVrQpI4h80qHskyqsmWKlKDZ7GOfwDIf3pze7XBpqlmFr3rktUzKevA6gOUvWfaSAQUj6jdoNt0t750Yt9aJDbXHWOxMYVev1DwxH52U3p0tbAZ4BGndPxijjCgLUVm%2FXmCcOxd7dPMfLjLq5pEPie12Wv8iBvxzLUu7%2BKFXunQtXHPTPs4j0dPpi8Qai3FeYcKrntSa52K7bTsld1wf0PCR9wZ7GwUT%2B5TpAaJV4i02WoaB6mkoFx4w9RuD1b4%7Ctkp%3ABk9SR_qwypzFYg,9.0,0.0,12,0days,MEI-Auto-Parts,FALSE,,,,,,,,,,,,,,
B00IKAKOU8,cartie8913,https://www.amazon.com/dp/B00IKAKOU8,22.77458823529412,,4,3-5,https://www.ebay.com/itm/154802735427?epid=1411794013&hash=item240af64943:g:RIMAAOSw31pkRbG0&amdata=enc%3AAQAIAAAA4K4j6nWqZhhMP8CVFBLECgpVtFpRPzXt1DFh8i3yThfjVfNazlgBBKQmfYd2ZvPqe428X9SYRye0R%2FNynefrTjLI66e4ce1PyH0Uw9rI8G3aG4NIlfoPftbNVSgSSVFEUKe3Ff4HJ1%2BXBiKJEH5pXEoulbzFfqIe%2BHHvCj7sdNYVmGdnwBnHYTUvViRwuXo%2F3CFQYdOKeK9XfoO5UiIX1lMrn22ntFO%2BbGRqk9mA86lgmjaSLmwtW2tV0sV84lNlvCtOeSmufBq9JRicpsjjP1nskMxkdOLH0Jbs19udY2J1%7Ctkp%3ABk9SR8D-h6bGYg,10.98,0.0,15,5days,Racer&#39;s Speed Shop,FALSE,,,,,,,,,,,,,,
B01M141H2F,cartie8914,https://www.amazon.com/dp/B01M141H2F,0,,4,3-5,https://www.ebay.com/itm/154802735704?epid=8027860864&hash=item240af64a58:g:8wcAAOSwlGZh~ZVj&amdata=enc%3AAQAIAAAA4AhZQn7G7qZx46YO6xHlzO%2FFBn2er17WGzsW4sA4cfhhT%2FKBex%2BFTNWqRs5gSlgTjDKKMYTxi8b7Pb9tE4P4REYFThu8o1ZOVD%2Bv61fbE6aD58UQPwxBEkQyv1xz1YtU1LGXRDIbUS9DSDwKiRsNFGcbn9%2FNT579K9b0nAQ2IiNzny%2BXHfd1pJ3x188WKICfm0GA22pGXqMNkQKanNpm3iGcpFm0cyWDEE%2FbDViclmg%2Be0gigUaxbR3ojdtulI5gbCKghZSexxOVGJ5eQwx7LCPi9YZqLZfvaeXcKKFugN5n%7Ctkp%3ABk9SR_qSpqHGYg,0.0,0.0,0,0days,{out_of_stock},FALSE,,,,,,,,,,,,,,
B0026NDRLS,cartie8941,https://www.amazon.com/dp/B0026NDRLS,28.123764705882355,,4,3-5,https://www.ebay.com/itm/165150029074?epid=1217794915&hash=item2673b57512:g:33UAAOSwXBxhTJHW&amdata=enc%3AAQAIAAAA4PH4HX6YjmCpvldyIIz44Ta965wH%2FKOK35BoRAPdPuQdzo3SUx8%2FKAUc1shujzNRJovS01ICp6UmBqRLQFoVJBpXKY0j2jWueCXMcROjLnq%2FOWHKrHJoRnD3ztuxPIsKSuuT5ITKzTnEt3d1%2BA0TOGz7IMORpTfK%2BEKFFc7VNF2qOjFMDntisMzagDIbSQ%2BLo4E9Gta0UKej3Vj5ofIBr%2FYLjd8rrPuXcNpQTB%2B8ndQJIGMsniT79hE99%2B6BOhfEZ6vG4doXpiaHwI7qaHlkKXufsTDP%2FGuHumPm5gqLjwWO%7Ctkp%3ABk9SR6rchr7FYg,15.19,0.0,2,5days,Asa Direct,FALSE,,,,,,,,,,,,,,
B000CFS2OY,cartie9027,https://www.amazon.com/dp/B000CFS2OY,24.883764705882356,,4,3-5,https://www.ebay.com/itm/193966629726?epid=14017012367&hash=item2d294fe35e:g:O8YAAOSwNYdgZ7hm&amdata=enc%3AAQAIAAAAwAl2zozOzXyFSNOE7w30Ma1OhwHJcBOnUjMetOWbjanCBfF8w2Ws9iLfNLoynHkiWfyfJtfTrsCKw0knelZhvOwKdj%2B2m68Vi4TB6%2B8tAGuSpgF4xNeYTbP9l3fOuYr%2F18ZAYBZ2KL%2FtqXeftY5Lp%2BoXagiy20D5Bl1uaYFIoLdMkOq%2BPate%2FBV2QEBq7ZJ2pd4pzdpnOppPtl00tNJeFMRMuMklpF2vlE09FDiQo1ZLfVh2ALkZEvyWwDaMZ0imKQ%3D%3D%7Ctkp%3ABk9SR67f7brFYg,12.64,0.0,10,0days,PartsHawk,FALSE,,,,,,,,,,,,,,
B003TTZ2BQ,cartie9038,https://www.amazon.com/dp/B003TTZ2BQ,26.268705882352943,,4,3-5,https://www.ebay.com/itm/194004502782?epid=677476580&hash=item2d2b91c8fe:g:6csAAOSwii5gZ7i7&amdata=enc%3AAQAIAAAA4GroDPS%2FlHoEulsjOtcdUdqehAjwRAJO8v8ixv6zUlMJ%2Boga%2BxBZsEHblqfD1gyzj1PfnhNrJwOAz%2FDRfyPS4bit2Wdx7HIgCy31LvlXAMnQbld2Fq53Y9EMadd8dSqWryT1kpXAPmRO9RPMEM7RuBESi3e2j%2FbI7s3M80QqjjRg8eNBxDaGUtLXiPcMiU%2BZ1Eh33YjfbG1o4L5ryVnZtbU7NpSgX2Lg0%2F3ComiXJXb6bSpC6pq1wzdMhW%2BwDo6hFMgqPgZPqtaLIbR6oIJR8fINZrvfgoyTNbcy78tdu994%7Ctkp%3ABk9SR4iirqbGYg,13.73,0.0,10,5days,PartsHawk,FALSE,,,,,,,,,,,,,,
B000CFU4RC,cartie9039,https://www.amazon.com/dp/B000CFU4RC,26.268705882352943,,4,3-5,https://www.ebay.com/itm/194004502782?epid=677476580&hash=item2d2b91c8fe:g:6csAAOSwii5gZ7i7&amdata=enc%3AAQAIAAAAwB1yduzlldVslRsbBEYiC4rmhXHgVHRuJCtR4OzSt1Y3ivAeX25QE7OlrulW9zetbEQUlT8uXOBKi1SyjAYi15%2FKE2G9TGRC61dkSD3pmH%2BwFk4uCNfcS1eTIxBJYLidqj4z6YKsT6A2v5kxlTnhmi5ZZ6vtbzT02pchjilshLYWsivd7Pk8niIds8EXO2CzFqFFyjcoMe%2BVosoA%2FbUfbjOv%2F%2BL8GLr4TP35MTmjczFtWroSN8Bqy9rpODdNLE20Og%3D%3D%7Ctkp%3ABk9SR_yh1r_FYg,13.73,0.0,10,5days,PartsHawk,FALSE,,,,,,,,,,,,,,
B00APK6ANQ,cartie9040,https://www.amazon.com/dp/B00APK6ANQ,27.86964705882353,,4,3-5,https://www.ebay.com/itm/194012948160?epid=26017008086&hash=item2d2c12a6c0:g:wksAAOSw43BgZ7vf&amdata=enc%3AAQAIAAAAwBLNDYPzYH6tlKkpRROmR9Ywkmlav9f6SsYHocCKM7AA7qV%2B6gz%2BOyACXsygVey7trovAuNrBLT5KYt2ezxszRKbVaeTcOCTTHfymAr6lx243pQJASXEtINe%2FZ9Fw36K2gmF0uHxJDDi3uVNUQEk12weRXcqIK797l76eTlmFNPOl2HDKXvj7HaxLWMXo3B1zby5APVzNaCximj3rgisfNCoqeAAUm5aUOr3oBtEyz%2B7uZSOy%2BtGIJNwzK0Cm%2F0u8g%3D%3D%7Ctkp%3ABk9SR6yxsp7GYg,14.99,0.0,10,0days,PartsHawk,FALSE,,,,,,,,,,,,,,
B000CFSKUA,cartie9068,https://www.amazon.com/dp/B000CFSKUA,207.21223529411768,,4,3-5,https://www.ebay.com/itm/195180713319?epid=1739983431&hash=item2d71ad5567:g:KEAAAOSwgPdiveZk&amdata=enc%3AAQAIAAAA4C%2F33zNkAvhqfzr9DvMpFHEorYHJmQcYUlhNgnEzxHSiyXFrgRw2Pxbf7YxVLqAeijrVz4RnVBrCzwqHiUuDxPr%2FxYi%2BuAoGgvch1Dp3OkvEFTuBQZZyIGzKuTcSvzHkH63gP2Nhq8khyXLqmcS0exWQ%2BaGHffSelc1bj%2Fg2njEsShRBKnDFGWNdQ1qVNmFft6RMPfDtk0itvkbPg64rma37PM6xIxtT4ckyKr2IT%2BaJXdKxamc0bEy6WOqXmSbcpNx9X3MihFt7nQzvxWyc%2B40pA1a5%2B7I1BMbXgJ9TRFFe%7Ctkp%3ABk9SR6qkir7HYg,146.88,0.0,3,5days,PartsHawk,FALSE,,,,,,,,,,,,,,
B000CFOKQS,cartie9076,https://www.amazon.com/dp/B000CFOKQS,740.7703529411765,,4,3-5,https://www.ebay.com/itm/195183982366?epid=1717828558&hash=item2d71df371e:g:AzYAAOSwJDRivydo&amdata=enc%3AAQAIAAAAwJOlvNfkHmTlxZAndDVdje5erjhJF%2Fyo3b5DjnuUKh8kmcCBppWAjkfkOIclEQ%2BQFggagCE3OKgV9lEFWvKZp%2Fti2PUsJFJ2Ig2bc8BkpGSMUf0GCxdEvyYLunh8lnBrASZ1NTfa1Efzx7cRPu0%2BU%2BKqNRmwhKn7PJQ2BodYflQke0KY60o9hPLR0w0QQ0f%2FetjE8%2FWgc6anxiMQ7xinDZytnvloFSm6uE3WGQkX%2FOOz7ffpMuq53MsmySoHqUHpxw%3D%3D%7Ctkp%3ABk9SR-a3p8HHYg,566.81,0.0,10,5days,PartsHawk,FALSE,,,,,,,,,,,,,,
B008Y8MKR6,cartie9185,https://www.amazon.com/dp/B008Y8MKR6,27.818823529411766,,4,3-5,https://www.ebay.com/itm/232912019280?epid=656020326&hash=item363aa35f50:g:tj8AAOSwYxdbjpYb&amdata=enc%3AAQAIAAAA8NShmj5z3HlR5uKIrmdakpqSDWRQ30EN3DTHzUyPxno69bi%2FdOsktXJt2c9kNV%2F5gdslXdYlI59rRRuGdb%2FwQDvF4Fb816QDNbGdh23%2BOIQksWlmBrvl1iYPG4k0WJIzIixNIWxTRcrGu4t6TLCYQPe9tDbux%2FWrQ22wojzoWQRtdWhHur6q%2BUOUWV60fwr398DJAj%2BgEGsrGZBltZ57w8RhHKT0G3EPioUloPVHywb1uKiBmmVZ9yjKFjcyKvH%2BhfkJmifIo3%2FdB3uR2SxVrjVI4bB2D06FDxwbC9QjTpAyqk%2F061729Hi0mma%2FhYVWuA%3D%3D%7Ctkp%3ABk9SR5ri_YS_Yg,14.95,0.0,20,5days,Factory OEM Parts LLC,FALSE,,,,,,,,,,,,,,
B00252CYP0,cartie9211,https://www.amazon.com/dp/B00252CYP0,29.851764705882356,,4,3-5,https://www.ebay.com/itm/234755743026?epid=77078995&hash=item36a8885d32:g:dogAAOSws7ljXAWy&amdata=enc%3AAQAIAAAA0AGHak2NhS6JfJEnVdGt%2FCW9kbbjw5dwzTXXQiZkpXU9X69HWgzuhsgHpiht1eY4t2cfuhENEN%2BLoUUdbn2f0ij%2BkARXxuO8KpR0ExHDXY7cFwUgWorJmVJDYpSbSdduGjhmIS623pXBrCkkZnyNxLzoD6eg3BYOyla8zbhX3BmATteMl7fHSGhOh0V%2FxqgdW8qPBPqMd2Ws9gKXCi2tInXZMl%2FOVMjhTUGkXWBom9txaa%2FrRosSEzlw7B0kknDpOA9yd7GycrsUK1j0Qo%2BoeXE%3D%7Ctkp%3ABk9SR6aA0OnFYg,16.55,0.0,3,0days,IDParts Diesel Parts,FALSE,,,,,,,,,,,,,,
B000CFU4OU,cartie9266,https://www.amazon.com/dp/B000CFU4OU,25.328470588235298,,4,3-5,https://www.ebay.com/itm/254921831955?epid=9016997469&hash=item3b5a867613:g:L7MAAOSw3MlgZ7hZ&amdata=enc%3AAQAIAAAA4LKvt39SLLh67a5IMECxQb1Ocrs7zQ8%2Fh%2BVQcfAl7Us8Bkyij%2B08kiMv%2Bhr43BDf%2F6ptMC184fS2kzr2csIMHuYDaUO3M5n8qJe0Nhei2UbN8ysNSswb%2Bc7i749W7X%2BzGz7ljofnO97BXbQzohmLQvI0d8Xz6fXB%2BDEf85O8ESgL5vetcfeexREOS9qsCN6SQc5NVA1JD2zGTqWPlIWMkLyQqS6j%2Bg3FK1WC3AWti8OxVqGehIUG%2BcaQWWQkRncRRC0lB86knO6HFaa0jVlGcQsOEaqPd4kr1sGWTwMUg52F%7Ctkp%3ABk9SR47OsI3FYg,12.99,0.0,10,5days,PartsHawk,FALSE,,,,,,,,,,,,,,
B000C9MW64,cartie9279,https://www.amazon.com/dp/B000C9MW64,28.123764705882355,,4,3-5,https://www.ebay.com/itm/255501414974?hash=item3b7d12323e:g:QAwAAOSw6I9iYtVJ&amdata=enc%3AAQAIAAAA8AaSAPkOnM3lbfh8hUVIbCH9yRiwCRUfi%2FgFOW8HuZKDp2vCPnX%2Fe%2BUPs1NYXmufYbUA%2BwWhajMMEykiBr6Izdwa7VR9uTIVaC9ynyvnd3otQ1S%2Fj00Br471o5%2B%2BJRGsNDLPsga6Yfi7Brc%2BKb1Y7boFdnurxclqTc2dtYts0KWJB3ulnHlpbdvGuir1IS5%2BxU%2FUFcC8Ro8dIq3wrsvennQ2zimgosEYpQzN%2BSyQsV32Bt3DAqEWhpmpoaGQdfpZMaZrHhb69375%2FIQ746auKpVOO8OQ72H9USMT8WhuGAnm7%2BBy7gyNg1EgcSmV8GI9jw%3D%3D%7Ctkp%3ABk9SR7rCjoK9Yg,15.19,0.0,10,5days,PartsHawk,FALSE,,,,,,,,,,,,,,
B00RWMVFH6,cartie9302,https://www.amazon.com/dp/B00RWMVFH6,380.7237647058824,,4,3-5,https://www.ebay.com/itm/255608067414?epid=1039982936&hash=item3b836d9556:g:7VEAAOSw4RhivgTc&amdata=enc%3AAQAIAAAA8G5Y%2ByXbesEsVaruWx4hGFgLU%2Bif1vveBpIY6S6q1bo7ivwJ9qb6PSM97HABUUaQppoJ7sL65z7wiEGkR3kpBJE9%2Bo1rYWh7lRSGmO2fMDGLcXr9UdmgSQpVE3iGrB3wOzLY4B1KAY41w89h9R1Z9zsOfT1Kpa9cMNZxAVVN7mcTJd4c%2BEnwWQIUccYhei06CjuNDTZoYFlzqXrZAtN%2FmUC0%2FiqAkodBPzxJxtLaEafqI7319D3SIBzvVqv0RKdf80m5FLcm3tJnN06aah9SpHNeDDTYw931Yr01Nif7y3I3Vk2cvnubDKvp4X9VGupQrQ%3D%3D%7Ctkp%3ABk9SR6j_zcXHYg,283.44,0.0,10,0days,PartsHawk,FALSE,,,,,,,,,,,,,,
B000CFU5ZI,cartie9366,https://www.amazon.com/dp/B000CFU5ZI,26.344941176470588,,4,3-5,https://www.ebay.com/itm/265388483747?epid=1111833903&hash=item3dca62e4a3:g:eYUAAOSw0M1hgYUk&amdata=enc%3AAQAIAAAA4NfjKIoxu%2FA2BohoToHipW7tcZoqU%2FFyaYPudHZLC3iEBP7qdjO3k2vzXXpbnMk5KFqU6bBhdjsnTFjMgShp3RZ%2FbU3ah5p5unMshG%2FCAoKRZUThz3%2FE%2BzEleIXWT1C7p5liZ45CXfenjIkBXSxvVZzIKrcp4rkwE6dnXr9vH9StZfOCMtx50PujGFA%2BDWMHCGimctKfoKpf8E4ypQHuk6yw1V4qKZuXGuo2oNztEP%2FIaeMltnEsQgU%2FAo2jJDoiRoyf6wv0ZGEINdy94yzsDOHUxm7C13Cd1LKicdZZszFh%7Ctkp%3ABk9SR7KIk6DGYg,13.79,0.0,4,5days,performancepartsracing,FALSE,,,,,,,,,,,,,,
B00252BVC2,cartie9401,https://www.amazon.com/dp/B00252BVC2,23.94352941176471,,4,3-5,https://www.ebay.com/itm/271631197092?epid=77053111&hash=item3f3e7b23a4:g:z5UAAOSwjfBcWe2q&amdata=enc%3AAQAIAAAA8DPd5xLX3OSJX60S32ZV03prTVwoDEze3H9z%2BsnnJqyEVANMSUhGnaGdzU8tYWJsLPkoQS2KoquWFvvRXj0kCIi02DvDh44Li09WDVm5R3PQqPVKvBy%2BI6q7%2F4QhjHgGlZdmAWb7ewLl5BnDZ5SHZhWvvaQrkk8d5D8h7RCyqZsPfsBSIOxaMvMLuY8BbkMaYzqATmGCQd8KlZnLB4sVIl1wesmacgFUSbRUy8VFZO3x1nIqzrbFj9AaS37pCwobgKyxCINThvEkSAx6oFAXRutDFCQ9XyECDpTo345txVF5P76uW%2FJSyhOHvoDzUMlFgQ%3D%3D%7Ctkp%3ABk9SR5yLoujFYg,11.9,0.0,99762,5days,Impart Foreign Car Parts,FALSE,,,,,,,,,,,,,,
B00899W3U4,cartie9405,https://www.amazon.com/dp/B00899W3U4,31.071529411764708,,4,3-5,https://www.ebay.com/itm/273828161128?epid=1717827525&hash=item3fc16e2668:g:5lYAAOSwtglcyLfn&amdata=enc%3AAQAIAAAA4K05j8DNWgCPpT5dL9b8yuNmIqtVgZRuI%2BYjNs8y7JOQ66AGN0amQm0%2FHttLR%2BNWKieYgwu6xEfrlquCbKWfnUSHOT8TLAsDjEzQxTHJHdxLVNSGYMVtr1sQxZGYm%2BkBBGnHbsKHi6u8EiAiBVPP4WmOEcP%2F8t2aNIJzsX4j3Pq%2B4%2BjcW6%2BL4L4zdttSa9sSIx1I7%2BRTuV1KVi5RWMjYbtpa7AnwveFYXoq7Wfj5EI0eeCg2VyQnT5GaW0fxxgT%2Bi7UDchPx8eprHiDOoOQvjWsfunCVGPoVXJWT0cUjD4Ev%7Ctkp%3ABk9SR9L156bGYg,17.51,0.0,2,5days,WIP My Ride,FALSE,,,,,,,,,,,,,,
B005C6KRAA,cartie9412,https://www.amazon.com/dp/B005C6KRAA,26.446588235294115,,4,3-5,https://www.ebay.com/itm/273885419088?epid=1317815526&hash=item3fc4d7d650:g:n2MAAOSwQAxkzhmS&amdata=enc%3AAQAIAAAA0FJY05CoY2zryFYcsJ1A3er5Ob5dFqrmNjpHp4bSp7peqwFMQkEfekkJrMAyWoeQaAytpajdkMzLo1jjrCn%2Bi%2F4NhNG%2B3OWxDNOISF9OU6jp0KpgycSei9bzvqURgnwGnEpkdBei5ZR5wTJaL8KWVu2dNN1U7z%2BUQoeJq9u1eP%2FvgMOb0i3GMo1OSbR7zlH1D94cIT0Dm2fTl3pXQFqa%2FA4bm1GFXyuR6cA4tRnAUw5MDSL0YMcIVZRGfk0MZURXmoepjICtdp5giG543rvfhGo%3D%7Ctkp%3ABk9SR56QycbHYg,13.87,0.0,6,5days,WIP My Ride,FALSE,,,,,,,,,,,,,,
B000CFO4MS,cartie9463,https://www.amazon.com/dp/B000CFO4MS,24.769411764705886,,4,3-5,https://www.ebay.com/itm/283476130186?epid=16017003544&hash=item42007e798a:g:TpoAAOSwVVlc0L84&amdata=enc%3AAQAIAAAA4KAfotywSjMPDhuFry9DP1gdcH3wEy7m2KyKmC0Z0X%2B0gjxkYBVSrXoDEhs%2Bc1uT%2FfTd%2BAkHzeE7rsQ3HiiNHCMIuqg%2BHW1C4OfoovxyvvnNUwPTzAy%2Bh53jQL4lpiKp7GHSR2WjYVFpjVHfvhBGywaYPUA93%2FR%2Fj4euiuhJyA06w5kfLwRWNUEa8jAjX9fw%2FyMC0EzVdz7XnZRY3jgyXWoXrUXAQepAmEMOsgFxtfq7ynz%2FHqEJI02wyGHroGeVLLoaS55kmufLk8hOnbQnYXFuH8GXbewCnZE1gq69iaUO%7Ctkp%3ABk9SR5bg1aLGYg,12.55,0.0,5,5days,WIP My Ride,FALSE,,,,,,,,,,,,,,
